Workbook
Name Año: 'INC. POR SEXO 2022'!#REF!+'INC. POR SEXO 2022'!#REF!
Name AÑO: 'INC. POR SEXO 2022'!#REF!
Name AÑO: 'INC. POR SEXO 2022'!#REF!
Name AÑO: 'INC. POR SEXO 2022'!#REF!
Name AYAPEL: OFFSET(Tabla_mapa!$C$1,MATCH('Mapa Razón'!$F$11,Tabla_mapa!$A$2:$A$4,0),0,1,1)
Name AYAPEL: OFFSET(Tabla_mapa!$C$1,MATCH('Mapa incidencia'!$F$11,Tabla_mapa!$A$2:$A$4,0),0,1,1)
Name BUENAVISTA: OFFSET(Tabla_mapa!$D$1,MATCH('Mapa Razón'!$F$12,Tabla_mapa!$A$2:$A$4,0),0,1,1)
Name BUENAVISTA: OFFSET(Tabla_mapa!$D$1,MATCH('Mapa incidencia'!$F$12,Tabla_mapa!$A$2:$A$4,0),0,1,1)
Name CANALETE: OFFSET(Tabla_mapa!$E$1,MATCH('Mapa Razón'!$F$13,Tabla_mapa!$A$2:$A$4,0),0,1,1)
Name CANALETE: OFFSET(Tabla_mapa!$E$1,MATCH('Mapa incidencia'!$F$13,Tabla_mapa!$A$2:$A$4,0),0,1,1)
Name CERETE: OFFSET(Tabla_mapa!$F$1,MATCH('Mapa Razón'!$F$14,Tabla_mapa!$A$2:$A$4,0),0,1,1)
Name CERETE: OFFSET(Tabla_mapa!$F$1,MATCH('Mapa incidencia'!$F$14,Tabla_mapa!$A$2:$A$4,0),0,1,1)
Name CHIMA: OFFSET(Tabla_mapa!$G$1,MATCH('Mapa Razón'!$F$15,Tabla_mapa!$A$2:$A$4,0),0,1,1)
Name CHIMA: OFFSET(Tabla_mapa!$G$1,MATCH('Mapa incidencia'!$F$15,Tabla_mapa!$A$2:$A$4,0),0,1,1)
Name CHINU: OFFSET(Tabla_mapa!$H$1,MATCH('Mapa Razón'!$F$16,Tabla_mapa!$A$2:$A$4,0),0,1,1)
Name CHINU: OFFSET(Tabla_mapa!$H$1,MATCH('Mapa incidencia'!$F$16,Tabla_mapa!$A$2:$A$4,0),0,1,1)
Name CIENAGA_DE_ORO: OFFSET(Tabla_mapa!$I$1,MATCH('Mapa Razón'!$F$17,Tabla_mapa!$A$2:$A$4,0),0,1,1)
Name CIENAGA_DE_ORO: OFFSET(Tabla_mapa!$I$1,MATCH('Mapa incidencia'!$F$17,Tabla_mapa!$A$2:$A$4,0),0,1,1)
Name COTORRA: OFFSET(Tabla_mapa!$J$1,MATCH('Mapa Razón'!$F$18,Tabla_mapa!$A$2:$A$4,0),0,1,1)
Name COTORRA: OFFSET(Tabla_mapa!$J$1,MATCH('Mapa incidencia'!$F$18,Tabla_mapa!$A$2:$A$4,0),0,1,1)
Name LA_APARTADA: OFFSET(Tabla_mapa!$K$1,MATCH('Mapa Razón'!$F$19,Tabla_mapa!$A$2:$A$4,0),0,1,1)
Name LA_APARTADA: OFFSET(Tabla_mapa!$K$1,MATCH('Mapa incidencia'!$F$19,Tabla_mapa!$A$2:$A$4,0),0,1,1)
Name LORICA: OFFSET(Tabla_mapa!$L$1,MATCH('Mapa Razón'!$F$20,Tabla_mapa!$A$2:$A$4,0),0,1,1)
Name LORICA: OFFSET(Tabla_mapa!$L$1,MATCH('Mapa incidencia'!$F$20,Tabla_mapa!$A$2:$A$4,0),0,1,1)
Name LOS_CORDOBAS: OFFSET(Tabla_mapa!$M$1,MATCH('Mapa Razón'!$F$21,Tabla_mapa!$A$2:$A$4,0),0,1,1)
Name LOS_CORDOBAS: OFFSET(Tabla_mapa!$M$1,MATCH('Mapa incidencia'!$F$21,Tabla_mapa!$A$2:$A$4,0),0,1,1)
Name MOMIL: OFFSET(Tabla_mapa!$N$1,MATCH('Mapa Razón'!$F$22,Tabla_mapa!$A$2:$A$4,0),0,1,1)
Name MOMIL: OFFSET(Tabla_mapa!$N$1,MATCH('Mapa incidencia'!$F$22,Tabla_mapa!$A$2:$A$4,0),0,1,1)
Name MONTELIBANO: OFFSET(Tabla_mapa!$O$1,MATCH('Mapa Razón'!$F$23,Tabla_mapa!$A$2:$A$4,0),0,1,1)
Name MONTELIBANO: OFFSET(Tabla_mapa!$O$1,MATCH('Mapa incidencia'!$F$23,Tabla_mapa!$A$2:$A$4,0),0,1,1)
Name MONTERIA: OFFSET(Tabla_mapa!$B$1,MATCH('Mapa Razón'!$F$10,Tabla_mapa!$A$2:$A$4,0),0,1,1)
Name MONTERIA: OFFSET(Tabla_mapa!$B$1,MATCH('Mapa incidencia'!$F$10,Tabla_mapa!$A$2:$A$4,0),0,1,1)
Name MOÑITOS: OFFSET(Tabla_mapa!$P$1,MATCH('Mapa Razón'!$F$24,Tabla_mapa!$A$2:$A$4,0),0,1,1)
Name MOÑITOS: OFFSET(Tabla_mapa!$P$1,MATCH('Mapa incidencia'!$F$24,Tabla_mapa!$A$2:$A$4,0),0,1,1)
Name MPIO_RESI: '[1]BD Nacimientos'!$AI:$AI
Name PLANETA_RICA: OFFSET(Tabla_mapa!$Q$1,MATCH('Mapa Razón'!$F$25,Tabla_mapa!$A$2:$A$4,0),0,1,1)
Name PLANETA_RICA: OFFSET(Tabla_mapa!$Q$1,MATCH('Mapa incidencia'!$F$25,Tabla_mapa!$A$2:$A$4,0),0,1,1)
Name PUEBLO_NUEVO: OFFSET(Tabla_mapa!$R$1,MATCH('Mapa Razón'!$F$26,Tabla_mapa!$A$2:$A$4,0),0,1,1)
Name PUEBLO_NUEVO: OFFSET(Tabla_mapa!$R$1,MATCH('Mapa incidencia'!$F$26,Tabla_mapa!$A$2:$A$4,0),0,1,1)
Name PUERTO_ESCONDIDO: OFFSET(Tabla_mapa!$S$1,MATCH('Mapa Razón'!$F$27,Tabla_mapa!$A$2:$A$4,0),0,1,1)
Name PUERTO_ESCONDIDO: OFFSET(Tabla_mapa!$S$1,MATCH('Mapa incidencia'!$F$27,Tabla_mapa!$A$2:$A$4,0),0,1,1)
Name PUERTO_LIBERTADOR: OFFSET(Tabla_mapa!$T$1,MATCH('Mapa Razón'!$F$28,Tabla_mapa!$A$2:$A$4,0),0,1,1)
Name PUERTO_LIBERTADOR: OFFSET(Tabla_mapa!$T$1,MATCH('Mapa incidencia'!$F$28,Tabla_mapa!$A$2:$A$4,0),0,1,1)
Name PURISIMA: OFFSET(Tabla_mapa!$U$1,MATCH('Mapa Razón'!$F$29,Tabla_mapa!$A$2:$A$4,0),0,1,1)
Name PURISIMA: OFFSET(Tabla_mapa!$U$1,MATCH('Mapa incidencia'!$F$29,Tabla_mapa!$A$2:$A$4,0),0,1,1)
Name SAHAGUN: OFFSET(Tabla_mapa!$V$1,MATCH('Mapa Razón'!$F$30,Tabla_mapa!$A$2:$A$4,0),0,1,1)
Name SAHAGUN: OFFSET(Tabla_mapa!$V$1,MATCH('Mapa incidencia'!$F$30,Tabla_mapa!$A$2:$A$4,0),0,1,1)
Name SAN_ANDRES: OFFSET(Tabla_mapa!$W$1,MATCH('Mapa Razón'!$F$31,Tabla_mapa!$A$2:$A$4,0),0,1,1)
Name SAN_ANDRES: OFFSET(Tabla_mapa!$W$1,MATCH('Mapa incidencia'!$F$31,Tabla_mapa!$A$2:$A$4,0),0,1,1)
Name SAN_ANTERO: OFFSET(Tabla_mapa!$X$1,MATCH('Mapa Razón'!$F$32,Tabla_mapa!$A$2:$A$4,0),0,1,1)
Name SAN_ANTERO: OFFSET(Tabla_mapa!$X$1,MATCH('Mapa incidencia'!$F$32,Tabla_mapa!$A$2:$A$4,0),0,1,1)
Name SAN_BERNARDO: OFFSET(Tabla_mapa!$Y$1,MATCH('Mapa Razón'!$F$33,Tabla_mapa!$A$2:$A$4,0),0,1,1)
Name SAN_BERNARDO: OFFSET(Tabla_mapa!$Y$1,MATCH('Mapa incidencia'!$F$33,Tabla_mapa!$A$2:$A$4,0),0,1,1)
Name SAN_CARLOS: OFFSET(Tabla_mapa!$Z$1,MATCH('Mapa Razón'!$F$34,Tabla_mapa!$A$2:$A$4,0),0,1,1)
Name SAN_CARLOS: OFFSET(Tabla_mapa!$Z$1,MATCH('Mapa incidencia'!$F$34,Tabla_mapa!$A$2:$A$4,0),0,1,1)
Name SAN_JOSE_DE_URE: OFFSET(Tabla_mapa!$AA$1,MATCH('Mapa Razón'!$F$35,Tabla_mapa!$A$2:$A$4,0),0,1,1)
Name SAN_JOSE_DE_URE: OFFSET(Tabla_mapa!$AA$1,MATCH('Mapa incidencia'!$F$35,Tabla_mapa!$A$2:$A$4,0),0,1,1)
Name SAN_PELAYO: OFFSET(Tabla_mapa!$AB$1,MATCH('Mapa Razón'!$F$36,Tabla_mapa!$A$2:$A$4,0),0,1,1)
Name SAN_PELAYO: OFFSET(Tabla_mapa!$AB$1,MATCH('Mapa incidencia'!$F$36,Tabla_mapa!$A$2:$A$4,0),0,1,1)
Name TIERRALTA: OFFSET(Tabla_mapa!$AC$1,MATCH('Mapa Razón'!$F$37,Tabla_mapa!$A$2:$A$4,0),0,1,1)

Sheet INCIDENCIA ACUMULADA
A1: MUNICIPIO | B1: CASOS | C1: POBLACIÓN TOTAL | D1: INCIDENCIA ACUMULADA TOTAL | E1: MUNICIPIO | F1: POB. TOTAL | H1: AÑO | K1: 2022 | L1: 100
A2: Ayapel | B2: 10 | C2: =(IF(A2="MONTERIA",$F$2,IF(A2="AYAPEL",$F$3,IF(A2="BUENAVISTA",$F$4,IF(A2="CANALETE",$F$5,IF(A2="CERETE",$F$6,IF(A2="CHIMA",$F$7,IF(A2="CHINU",$F$8,IF(A2="CIENAGA DE ORO",$F$9,IF(A2="COTORRA",$F$10,IF(A2="LA APARTADA",$F$11,IF(A2="LORICA",$F$12,IF(A2="LOS CORDOBAS",$F$13,IF(A2="MOMIL",$F$14,IF(A2="MONTELIBANO",$F$15,IF(A2="MOÑITOS",$F$16,IF(A2="PLANETA RICA",$F$17,IF(A2="PUEBLO NUEVO",$F$18,IF(A2="PUERTO ESCONDIDO",$F$19,IF(A2="PUERTO LIBERTADOR",$F$20,IF(A2="PURISIMA",$F$21,IF(A2="SAHAGUN",$F$22,IF(A2="SAN ANDRES SOTAVENTO",$F$23,IF(A2="SAN ANTERO",$F$24,IF(A2="SAN BERNARDO DEL VIENTO",$F$25,IF(A2="SAN CARLOS",$F$26,IF(A2="SAN JOSE DE URE",$F$27,IF(A2="SAN PELAYO",$F$28,IF(A2="TIERRALTA",$F$29,IF(A2="TUCHIN",$F$30,IF(A2="VALENCIA",$F$31))))))))))))))))))))))))))))))) -> 47954 | D2: =IFERROR(B2/C2*$F$34,"0") -> 20.853318 | E2: MONTERIA | F2: =IF($H$2=2022,POBLACIÓN!F6,POBLACIÓN!G6) -> 512994 | H2: 2022 | K2: 2023 | L2: 1000
A3: Buenavista | B3: 20 | C3: =(IF(A3="MONTERIA",$F$2,IF(A3="AYAPEL",$F$3,IF(A3="BUENAVISTA",$F$4,IF(A3="CANALETE",$F$5,IF(A3="CERETE",$F$6,IF(A3="CHIMA",$F$7,IF(A3="CHINU",$F$8,IF(A3="CIENAGA DE ORO",$F$9,IF(A3="COTORRA",$F$10,IF(A3="LA APARTADA",$F$11,IF(A3="LORICA",$F$12,IF(A3="LOS CORDOBAS",$F$13,IF(A3="MOMIL",$F$14,IF(A3="MONTELIBANO",$F$15,IF(A3="MOÑITOS",$F$16,IF(A3="PLANETA RICA",$F$17,IF(A3="PUEBLO NUEVO",$F$18,IF(A3="PUERTO ESCONDIDO",$F$19,IF(A3="PUERTO LIBERTADOR",$F$20,IF(A3="PURISIMA",$F$21,IF(A3="SAHAGUN",$F$22,IF(A3="SAN ANDRES SOTAVENTO",$F$23,IF(A3="SAN ANTERO",$F$24,IF(A3="SAN BERNARDO DEL VIENTO",$F$25,IF(A3="SAN CARLOS",$F$26,IF(A3="SAN JOSE DE URE",$F$27,IF(A3="SAN PELAYO",$F$28,IF(A3="TIERRALTA",$F$29,IF(A3="TUCHIN",$F$30,IF(A3="VALENCIA",$F$31))))))))))))))))))))))))))))))) -> 21772 | D3: =IFERROR(B3/C3*$F$34,"0") -> 91.861106 | E3: AYAPEL | F3: =IF($H$2=2022,POBLACIÓN!F7,POBLACIÓN!G7) -> 47954 | L3: 10000
A4: Canalete | B4: 40 | C4: =(IF(A4="MONTERIA",$F$2,IF(A4="AYAPEL",$F$3,IF(A4="BUENAVISTA",$F$4,IF(A4="CANALETE",$F$5,IF(A4="CERETE",$F$6,IF(A4="CHIMA",$F$7,IF(A4="CHINU",$F$8,IF(A4="CIENAGA DE ORO",$F$9,IF(A4="COTORRA",$F$10,IF(A4="LA APARTADA",$F$11,IF(A4="LORICA",$F$12,IF(A4="LOS CORDOBAS",$F$13,IF(A4="MOMIL",$F$14,IF(A4="MONTELIBANO",$F$15,IF(A4="MOÑITOS",$F$16,IF(A4="PLANETA RICA",$F$17,IF(A4="PUEBLO NUEVO",$F$18,IF(A4="PUERTO ESCONDIDO",$F$19,IF(A4="PUERTO LIBERTADOR",$F$20,IF(A4="PURISIMA",$F$21,IF(A4="SAHAGUN",$F$22,IF(A4="SAN ANDRES SOTAVENTO",$F$23,IF(A4="SAN ANTERO",$F$24,IF(A4="SAN BERNARDO DEL VIENTO",$F$25,IF(A4="SAN CARLOS",$F$26,IF(A4="SAN JOSE DE URE",$F$27,IF(A4="SAN PELAYO",$F$28,IF(A4="TIERRALTA",$F$29,IF(A4="TUCHIN",$F$30,IF(A4="VALENCIA",$F$31))))))))))))))))))))))))))))))) -> 15668 | D4: =IFERROR(B4/C4*$F$34,"0") -> 255.29742 | E4: BUENAVISTA | F4: =IF($H$2=2022,POBLACIÓN!F8,POBLACIÓN!G8) -> 21772 | L4: 100000
A5: Cerete | B5: 47 | C5: =(IF(A5="MONTERIA",$F$2,IF(A5="AYAPEL",$F$3,IF(A5="BUENAVISTA",$F$4,IF(A5="CANALETE",$F$5,IF(A5="CERETE",$F$6,IF(A5="CHIMA",$F$7,IF(A5="CHINU",$F$8,IF(A5="CIENAGA DE ORO",$F$9,IF(A5="COTORRA",$F$10,IF(A5="LA APARTADA",$F$11,IF(A5="LORICA",$F$12,IF(A5="LOS CORDOBAS",$F$13,IF(A5="MOMIL",$F$14,IF(A5="MONTELIBANO",$F$15,IF(A5="MOÑITOS",$F$16,IF(A5="PLANETA RICA",$F$17,IF(A5="PUEBLO NUEVO",$F$18,IF(A5="PUERTO ESCONDIDO",$F$19,IF(A5="PUERTO LIBERTADOR",$F$20,IF(A5="PURISIMA",$F$21,IF(A5="SAHAGUN",$F$22,IF(A5="SAN ANDRES SOTAVENTO",$F$23,IF(A5="SAN ANTERO",$F$24,IF(A5="SAN BERNARDO DEL VIENTO",$F$25,IF(A5="SAN CARLOS",$F$26,IF(A5="SAN JOSE DE URE",$F$27,IF(A5="SAN PELAYO",$F$28,IF(A5="TIERRALTA",$F$29,IF(A5="TUCHIN",$F$30,IF(A5="VALENCIA",$F$31))))))))))))))))))))))))))))))) -> 110032 | D5: =IFERROR(B5/C5*$F$34,"0") -> 42.714847 | E5: CANALETE | F5: =IF($H$2=2022,POBLACIÓN!F9,POBLACIÓN!G9) -> 15668
A6: Chima | B6: 100 | C6: =(IF(A6="MONTERIA",$F$2,IF(A6="AYAPEL",$F$3,IF(A6="BUENAVISTA",$F$4,IF(A6="CANALETE",$F$5,IF(A6="CERETE",$F$6,IF(A6="CHIMA",$F$7,IF(A6="CHINU",$F$8,IF(A6="CIENAGA DE ORO",$F$9,IF(A6="COTORRA",$F$10,IF(A6="LA APARTADA",$F$11,IF(A6="LORICA",$F$12,IF(A6="LOS CORDOBAS",$F$13,IF(A6="MOMIL",$F$14,IF(A6="MONTELIBANO",$F$15,IF(A6="MOÑITOS",$F$16,IF(A6="PLANETA RICA",$F$17,IF(A6="PUEBLO NUEVO",$F$18,IF(A6="PUERTO ESCONDIDO",$F$19,IF(A6="PUERTO LIBERTADOR",$F$20,IF(A6="PURISIMA",$F$21,IF(A6="SAHAGUN",$F$22,IF(A6="SAN ANDRES SOTAVENTO",$F$23,IF(A6="SAN ANTERO",$F$24,IF(A6="SAN BERNARDO DEL VIENTO",$F$25,IF(A6="SAN CARLOS",$F$26,IF(A6="SAN JOSE DE URE",$F$27,IF(A6="SAN PELAYO",$F$28,IF(A6="TIERRALTA",$F$29,IF(A6="TUCHIN",$F$30,IF(A6="VALENCIA",$F$31))))))))))))))))))))))))))))))) -> 18173 | D6: =IFERROR(B6/C6*$F$34,"0") -> 550.26688 | E6: CERETE | F6: =IF($H$2=2022,POBLACIÓN!F10,POBLACIÓN!G10) -> 110032
A7: Chinu | B7: 19 | C7: =(IF(A7="MONTERIA",$F$2,IF(A7="AYAPEL",$F$3,IF(A7="BUENAVISTA",$F$4,IF(A7="CANALETE",$F$5,IF(A7="CERETE",$F$6,IF(A7="CHIMA",$F$7,IF(A7="CHINU",$F$8,IF(A7="CIENAGA DE ORO",$F$9,IF(A7="COTORRA",$F$10,IF(A7="LA APARTADA",$F$11,IF(A7="LORICA",$F$12,IF(A7="LOS CORDOBAS",$F$13,IF(A7="MOMIL",$F$14,IF(A7="MONTELIBANO",$F$15,IF(A7="MOÑITOS",$F$16,IF(A7="PLANETA RICA",$F$17,IF(A7="PUEBLO NUEVO",$F$18,IF(A7="PUERTO ESCONDIDO",$F$19,IF(A7="PUERTO LIBERTADOR",$F$20,IF(A7="PURISIMA",$F$21,IF(A7="SAHAGUN",$F$22,IF(A7="SAN ANDRES SOTAVENTO",$F$23,IF(A7="SAN ANTERO",$F$24,IF(A7="SAN BERNARDO DEL VIENTO",$F$25,IF(A7="SAN CARLOS",$F$26,IF(A7="SAN JOSE DE URE",$F$27,IF(A7="SAN PELAYO",$F$28,IF(A7="TIERRALTA",$F$29,IF(A7="TUCHIN",$F$30,IF(A7="VALENCIA",$F$31))))))))))))))))))))))))))))))) -> 49422 | D7: =IFERROR(B7/C7*$F$34,"0") -> 38.444417 | E7: CHIMA | F7: =IF($H$2=2022,POBLACIÓN!F11,POBLACIÓN!G11) -> 18173
A8: Cienaga de Oro | B8: 21 | C8: =(IF(A8="MONTERIA",$F$2,IF(A8="AYAPEL",$F$3,IF(A8="BUENAVISTA",$F$4,IF(A8="CANALETE",$F$5,IF(A8="CERETE",$F$6,IF(A8="CHIMA",$F$7,IF(A8="CHINU",$F$8,IF(A8="CIENAGA DE ORO",$F$9,IF(A8="COTORRA",$F$10,IF(A8="LA APARTADA",$F$11,IF(A8="LORICA",$F$12,IF(A8="LOS CORDOBAS",$F$13,IF(A8="MOMIL",$F$14,IF(A8="MONTELIBANO",$F$15,IF(A8="MOÑITOS",$F$16,IF(A8="PLANETA RICA",$F$17,IF(A8="PUEBLO NUEVO",$F$18,IF(A8="PUERTO ESCONDIDO",$F$19,IF(A8="PUERTO LIBERTADOR",$F$20,IF(A8="PURISIMA",$F$21,IF(A8="SAHAGUN",$F$22,IF(A8="SAN ANDRES SOTAVENTO",$F$23,IF(A8="SAN ANTERO",$F$24,IF(A8="SAN BERNARDO DEL VIENTO",$F$25,IF(A8="SAN CARLOS",$F$26,IF(A8="SAN JOSE DE URE",$F$27,IF(A8="SAN PELAYO",$F$28,IF(A8="TIERRALTA",$F$29,IF(A8="TUCHIN",$F$30,IF(A8="VALENCIA",$F$31))))))))))))))))))))))))))))))) -> 61426 | D8: =IFERROR(B8/C8*$F$34,"0") -> 34.187478 | E8: CHINU | F8: =IF($H$2=2022,POBLACIÓN!F12,POBLACIÓN!G12) -> 49422
A9: Cotorra | B9: 15 | C9: =(IF(A9="MONTERIA",$F$2,IF(A9="AYAPEL",$F$3,IF(A9="BUENAVISTA",$F$4,IF(A9="CANALETE",$F$5,IF(A9="CERETE",$F$6,IF(A9="CHIMA",$F$7,IF(A9="CHINU",$F$8,IF(A9="CIENAGA DE ORO",$F$9,IF(A9="COTORRA",$F$10,IF(A9="LA APARTADA",$F$11,IF(A9="LORICA",$F$12,IF(A9="LOS CORDOBAS",$F$13,IF(A9="MOMIL",$F$14,IF(A9="MONTELIBANO",$F$15,IF(A9="MOÑITOS",$F$16,IF(A9="PLANETA RICA",$F$17,IF(A9="PUEBLO NUEVO",$F$18,IF(A9="PUERTO ESCONDIDO",$F$19,IF(A9="PUERTO LIBERTADOR",$F$20,IF(A9="PURISIMA",$F$21,IF(A9="SAHAGUN",$F$22,IF(A9="SAN ANDRES SOTAVENTO",$F$23,IF(A9="SAN ANTERO",$F$24,IF(A9="SAN BERNARDO DEL VIENTO",$F$25,IF(A9="SAN CARLOS",$F$26,IF(A9="SAN JOSE DE URE",$F$27,IF(A9="SAN PELAYO",$F$28,IF(A9="TIERRALTA",$F$29,IF(A9="TUCHIN",$F$30,IF(A9="VALENCIA",$F$31))))))))))))))))))))))))))))))) -> 19845 | D9: =IFERROR(B9/C9*$F$34,"0") -> 75.58579 | E9: CIENAGA DE ORO | F9: =IF($H$2=2022,POBLACIÓN!F13,POBLACIÓN!G13) -> 61426
A10: La Apartada | B10: 6 | C10: =(IF(A10="MONTERIA",$F$2,IF(A10="AYAPEL",$F$3,IF(A10="BUENAVISTA",$F$4,IF(A10="CANALETE",$F$5,IF(A10="CERETE",$F$6,IF(A10="CHIMA",$F$7,IF(A10="CHINU",$F$8,IF(A10="CIENAGA DE ORO",$F$9,IF(A10="COTORRA",$F$10,IF(A10="LA APARTADA",$F$11,IF(A10="LORICA",$F$12,IF(A10="LOS CORDOBAS",$F$13,IF(A10="MOMIL",$F$14,IF(A10="MONTELIBANO",$F$15,IF(A10="MOÑITOS",$F$16,IF(A10="PLANETA RICA",$F$17,IF(A10="PUEBLO NUEVO",$F$18,IF(A10="PUERTO ESCONDIDO",$F$19,IF(A10="PUERTO LIBERTADOR",$F$20,IF(A10="PURISIMA",$F$21,IF(A10="SAHAGUN",$F$22,IF(A10="SAN ANDRES SOTAVENTO",$F$23,IF(A10="SAN ANTERO",$F$24,IF(A10="SAN BERNARDO DEL VIENTO",$F$25,IF(A10="SAN CARLOS",$F$26,IF(A10="SAN JOSE DE URE",$F$27,IF(A10="SAN PELAYO",$F$28,IF(A10="TIERRALTA",$F$29,IF(A10="TUCHIN",$F$30,IF(A10="VALENCIA",$F$31))))))))))))))))))))))))))))))) -> 15446 | D10: =IFERROR(B10/C10*$F$34,"0") -> 38.845008 | E10: COTORRA | F10: =IF($H$2=2022,POBLACIÓN!F14,POBLACIÓN!G14) -> 19845
A11: Lorica | B11: 100 | C11: =(IF(A11="MONTERIA",$F$2,IF(A11="AYAPEL",$F$3,IF(A11="BUENAVISTA",$F$4,IF(A11="CANALETE",$F$5,IF(A11="CERETE",$F$6,IF(A11="CHIMA",$F$7,IF(A11="CHINU",$F$8,IF(A11="CIENAGA DE ORO",$F$9,IF(A11="COTORRA",$F$10,IF(A11="LA APARTADA",$F$11,IF(A11="LORICA",$F$12,IF(A11="LOS CORDOBAS",$F$13,IF(A11="MOMIL",$F$14,IF(A11="MONTELIBANO",$F$15,IF(A11="MOÑITOS",$F$16,IF(A11="PLANETA RICA",$F$17,IF(A11="PUEBLO NUEVO",$F$18,IF(A11="PUERTO ESCONDIDO",$F$19,IF(A11="PUERTO LIBERTADOR",$F$20,IF(A11="PURISIMA",$F$21,IF(A11="SAHAGUN",$F$22,IF(A11="SAN ANDRES SOTAVENTO",$F$23,IF(A11="SAN ANTERO",$F$24,IF(A11="SAN BERNARDO DEL VIENTO",$F$25,IF(A11="SAN CARLOS",$F$26,IF(A11="SAN JOSE DE URE",$F$27,IF(A11="SAN PELAYO",$F$28,IF(A11="TIERRALTA",$F$29,IF(A11="TUCHIN",$F$30,IF(A11="VALENCIA",$F$31))))))))))))))))))))))))))))))) -> 117188 | D11: =IFERROR(B11/C11*$F$34,"0") -> 85.332969 | E11: LA APARTADA | F11: =IF($H$2=2022,POBLACIÓN!F15,POBLACIÓN!G15) -> 15446
A12: Los Cordobas | B12: 5 | C12: =(IF(A12="MONTERIA",$F$2,IF(A12="AYAPEL",$F$3,IF(A12="BUENAVISTA",$F$4,IF(A12="CANALETE",$F$5,IF(A12="CERETE",$F$6,IF(A12="CHIMA",$F$7,IF(A12="CHINU",$F$8,IF(A12="CIENAGA DE ORO",$F$9,IF(A12="COTORRA",$F$10,IF(A12="LA APARTADA",$F$11,IF(A12="LORICA",$F$12,IF(A12="LOS CORDOBAS",$F$13,IF(A12="MOMIL",$F$14,IF(A12="MONTELIBANO",$F$15,IF(A12="MOÑITOS",$F$16,IF(A12="PLANETA RICA",$F$17,IF(A12="PUEBLO NUEVO",$F$18,IF(A12="PUERTO ESCONDIDO",$F$19,IF(A12="PUERTO LIBERTADOR",$F$20,IF(A12="PURISIMA",$F$21,IF(A12="SAHAGUN",$F$22,IF(A12="SAN ANDRES SOTAVENTO",$F$23,IF(A12="SAN ANTERO",$F$24,IF(A12="SAN BERNARDO DEL VIENTO",$F$25,IF(A12="SAN CARLOS",$F$26,IF(A12="SAN JOSE DE URE",$F$27,IF(A12="SAN PELAYO",$F$28,IF(A12="TIERRALTA",$F$29,IF(A12="TUCHIN",$F$30,IF(A12="VALENCIA",$F$31))))))))))))))))))))))))))))))) -> 19607 | D12: =IFERROR(B12/C12*$F$34,"0") -> 25.501097 | E12: LORICA | F12: =IF($H$2=2022,POBLACIÓN!F16,POBLACIÓN!G16) -> 117188
A13: Momil | B13: 4 | C13: =(IF(A13="MONTERIA",$F$2,IF(A13="AYAPEL",$F$3,IF(A13="BUENAVISTA",$F$4,IF(A13="CANALETE",$F$5,IF(A13="CERETE",$F$6,IF(A13="CHIMA",$F$7,IF(A13="CHINU",$F$8,IF(A13="CIENAGA DE ORO",$F$9,IF(A13="COTORRA",$F$10,IF(A13="LA APARTADA",$F$11,IF(A13="LORICA",$F$12,IF(A13="LOS CORDOBAS",$F$13,IF(A13="MOMIL",$F$14,IF(A13="MONTELIBANO",$F$15,IF(A13="MOÑITOS",$F$16,IF(A13="PLANETA RICA",$F$17,IF(A13="PUEBLO NUEVO",$F$18,IF(A13="PUERTO ESCONDIDO",$F$19,IF(A13="PUERTO LIBERTADOR",$F$20,IF(A13="PURISIMA",$F$21,IF(A13="SAHAGUN",$F$22,IF(A13="SAN ANDRES SOTAVENTO",$F$23,IF(A13="SAN ANTERO",$F$24,IF(A13="SAN BERNARDO DEL VIENTO",$F$25,IF(A13="SAN CARLOS",$F$26,IF(A13="SAN JOSE DE URE",$F$27,IF(A13="SAN PELAYO",$F$28,IF(A13="TIERRALTA",$F$29,IF(A13="TUCHIN",$F$30,IF(A13="VALENCIA",$F$31))))))))))))))))))))))))))))))) -> 20422 | D13: =IFERROR(B13/C13*$F$34,"0") -> 19.58672 | E13: LOS CORDOBAS | F13: =IF($H$2=2022,POBLACIÓN!F17,POBLACIÓN!G17) -> 19607
A14: Montelibano | B14: 79 | C14: =(IF(A14="MONTERIA",$F$2,IF(A14="AYAPEL",$F$3,IF(A14="BUENAVISTA",$F$4,IF(A14="CANALETE",$F$5,IF(A14="CERETE",$F$6,IF(A14="CHIMA",$F$7,IF(A14="CHINU",$F$8,IF(A14="CIENAGA DE ORO",$F$9,IF(A14="COTORRA",$F$10,IF(A14="LA APARTADA",$F$11,IF(A14="LORICA",$F$12,IF(A14="LOS CORDOBAS",$F$13,IF(A14="MOMIL",$F$14,IF(A14="MONTELIBANO",$F$15,IF(A14="MOÑITOS",$F$16,IF(A14="PLANETA RICA",$F$17,IF(A14="PUEBLO NUEVO",$F$18,IF(A14="PUERTO ESCONDIDO",$F$19,IF(A14="PUERTO LIBERTADOR",$F$20,IF(A14="PURISIMA",$F$21,IF(A14="SAHAGUN",$F$22,IF(A14="SAN ANDRES SOTAVENTO",$F$23,IF(A14="SAN ANTERO",$F$24,IF(A14="SAN BERNARDO DEL VIENTO",$F$25,IF(A14="SAN CARLOS",$F$26,IF(A14="SAN JOSE DE URE",$F$27,IF(A14="SAN PELAYO",$F$28,IF(A14="TIERRALTA",$F$29,IF(A14="TUCHIN",$F$30,IF(A14="VALENCIA",$F$31))))))))))))))))))))))))))))))) -> 87187 | D14: =IFERROR(B14/C14*$F$34,"0") -> 90.609839 | E14: MOMIL | F14: =IF($H$2=2022,POBLACIÓN!F18,POBLACIÓN!G18) -> 20422
A15: Monteria | B15: 560 | C15: =(IF(A15="MONTERIA",$F$2,IF(A15="AYAPEL",$F$3,IF(A15="BUENAVISTA",$F$4,IF(A15="CANALETE",$F$5,IF(A15="CERETE",$F$6,IF(A15="CHIMA",$F$7,IF(A15="CHINU",$F$8,IF(A15="CIENAGA DE ORO",$F$9,IF(A15="COTORRA",$F$10,IF(A15="LA APARTADA",$F$11,IF(A15="LORICA",$F$12,IF(A15="LOS CORDOBAS",$F$13,IF(A15="MOMIL",$F$14,IF(A15="MONTELIBANO",$F$15,IF(A15="MOÑITOS",$F$16,IF(A15="PLANETA RICA",$F$17,IF(A15="PUEBLO NUEVO",$F$18,IF(A15="PUERTO ESCONDIDO",$F$19,IF(A15="PUERTO LIBERTADOR",$F$20,IF(A15="PURISIMA",$F$21,IF(A15="SAHAGUN",$F$22,IF(A15="SAN ANDRES SOTAVENTO",$F$23,IF(A15="SAN ANTERO",$F$24,IF(A15="SAN BERNARDO DEL VIENTO",$F$25,IF(A15="SAN CARLOS",$F$26,IF(A15="SAN JOSE DE URE",$F$27,IF(A15="SAN PELAYO",$F$28,IF(A15="TIERRALTA",$F$29,IF(A15="TUCHIN",$F$30,IF(A15="VALENCIA",$F$31))))))))))))))))))))))))))))))) -> 512994 | D15: =IFERROR(B15/C15*$F$34,"0") -> 109.16307 | E15: MONTELIBANO | F15: =IF($H$2=2022,POBLACIÓN!F19,POBLACIÓN!G19) -> 87187
A16: Moñitos | B16: 7 | C16: =(IF(A16="MONTERIA",$F$2,IF(A16="AYAPEL",$F$3,IF(A16="BUENAVISTA",$F$4,IF(A16="CANALETE",$F$5,IF(A16="CERETE",$F$6,IF(A16="CHIMA",$F$7,IF(A16="CHINU",$F$8,IF(A16="CIENAGA DE ORO",$F$9,IF(A16="COTORRA",$F$10,IF(A16="LA APARTADA",$F$11,IF(A16="LORICA",$F$12,IF(A16="LOS CORDOBAS",$F$13,IF(A16="MOMIL",$F$14,IF(A16="MONTELIBANO",$F$15,IF(A16="MOÑITOS",$F$16,IF(A16="PLANETA RICA",$F$17,IF(A16="PUEBLO NUEVO",$F$18,IF(A16="PUERTO ESCONDIDO",$F$19,IF(A16="PUERTO LIBERTADOR",$F$20,IF(A16="PURISIMA",$F$21,IF(A16="SAHAGUN",$F$22,IF(A16="SAN ANDRES SOTAVENTO",$F$23,IF(A16="SAN ANTERO",$F$24,IF(A16="SAN BERNARDO DEL VIENTO",$F$25,IF(A16="SAN CARLOS",$F$26,IF(A16="SAN JOSE DE URE",$F$27,IF(A16="SAN PELAYO",$F$28,IF(A16="TIERRALTA",$F$29,IF(A16="TUCHIN",$F$30,IF(A16="VALENCIA",$F$31))))))))))))))))))))))))))))))) -> 31047 | D16: =IFERROR(B16/C16*$F$34,"0") -> 22.546462 | E16: MOÑITOS | F16: =IF($H$2=2022,POBLACIÓN!F20,POBLACIÓN!G20) -> 31047
... A31: Valencia | B31: 3 | C31: =(IF(A31="MONTERIA",$F$2,IF(A31="AYAPEL",$F$3,IF(A31="BUENAVISTA",$F$4,IF(A31="CANALETE",$F$5,IF(A31="CERETE",$F$6,IF(A31="CHIMA",$F$7,IF(A31="CHINU",$F$8,IF(A31="CIENAGA DE ORO",$F$9,IF(A31="COTORRA",$F$10,IF(A31="LA APARTADA",$F$11,IF(A31="LORICA",$F$12,IF(A31="LOS CORDOBAS",$F$13,IF(A31="MOMIL",$F$14,IF(A31="MONTELIBANO",$F$15,IF(A31="MOÑITOS",$F$16,IF(A31="PLANETA RICA",$F$17,IF(A31="PUEBLO NUEVO",$F$18,IF(A31="PUERTO ESCONDIDO",$F$19,IF(A31="PUERTO LIBERTADOR",$F$20,IF(A31="PURISIMA",$F$21,IF(A31="SAHAGUN",$F$22,IF(A31="SAN ANDRES SOTAVENTO",$F$23,IF(A31="SAN ANTERO",$F$24,IF(A31="SAN BERNARDO DEL VIENTO",$F$25,IF(A31="SAN CARLOS",$F$26,IF(A31="SAN JOSE DE URE",$F$27,IF(A31="SAN PELAYO",$F$28,IF(A31="TIERRALTA",$F$29,IF(A31="TUCHIN",$F$30,IF(A31="VALENCIA",$F$31))))))))))))))))))))))))))))))) -> 36886 | D31: =IFERROR(B31/C31*$F$34,"0") -> 8.1331671 | E31: VALENCIA | F31: =IF($H$2=2022,POBLACIÓN!F35,POBLACIÓN!G35) -> 36886
A32: CÓRDOBA | B32: 1072 | C32: =F32 -> 1856496 | D32: =B32/C32*$F$34 -> 57.743189 | E32: CÓRDOBA | F32: =SUM(F2:F31) -> 1856496
A34: COEFICIENTE DE MULTIPLICACIÓN | F34: 100000

Sheet INCIDENCIA POR AREA
A1: MUNICIPIO | B1: CASOS | C1: POBLACIÓN TOTAL | D1: POBLACIÓN URBANA | E1: POBLACIÓN RURAL | F1: INCIDENCIA ACUMULADA TOTAL | G1: INCIDENCIA ACUMULADA URBANA | H1: INCIDENCIA ACUMULADA RURAL | J1: AÑO | L1: 2022 | N1: MUNICIPIOS | O1: POBLACIÓN TOTAL | P1: POBLACIÓN URBANA | Q1: POBLACIÓN RURAL | S1: 100
C2: =(IF(A2="MONTERIA",$O$2,IF(A2="AYAPEL",$O$3,IF(A2="BUENAVISTA",$O$4,IF(A2="CANALETE",$O$5,IF(A2="CERETE",$O$6,IF(A2="CHIMA",$O$7,IF(A2="CHINU",$O$8,IF(A2="CIENAGA DE ORO",$O$9,IF(A2="COTORRA",$O$10,IF(A2="LA APARTADA",$O$11,IF(A2="LORICA",$O$12,IF(A2="LOS CORDOBAS",$O$13,IF(A2="MOMIL",$O$14,IF(A2="MONTELIBANO",$O$15,IF(A2="MOÑITOS",$O$16,IF(A2="PLANETA RICA",$O$17,IF(A2="PUEBLO NUEVO",$O$18,IF(A2="PUERTO ESCONDIDO",$O$19,IF(A2="PUERTO LIBERTADOR",$O$20,IF(A2="PURISIMA",$O$21,IF(A2="SAHAGUN",$O$22,IF(A2="SAN ANDRES SOTAVENTO",$O$23,IF(A2="SAN ANTERO",$O$24,IF(A2="SAN BERNARDO DEL VIENTO",$O$25,IF(A2="SAN CARLOS",$O$26,IF(A2="SAN JOSE DE URE",$O$27,IF(A2="SAN PELAYO",$O$28,IF(A2="TIERRALTA",$O$29,IF(A2="TUCHIN",$O$30,IF(A2="VALENCIA",$O$31))))))))))))))))))))))))))))))) -> FALSE | D2: =(IF(A2="MONTERIA",$P$2,IF(A2="AYAPEL",$P$3,IF(A2="BUENAVISTA",$P$4,IF(A2="CANALETE",$P$5,IF(A2="CERETE",$P$6,IF(A2="CHIMA",$P$7,IF(A2="CHINU",$P$8,IF(A2="CIENAGA DE ORO",$P$9,IF(A2="COTORRA",$P$10,IF(A2="LA APARTADA",$P$11,IF(A2="LORICA",$P$12,IF(A2="LOS CORDOBAS",$P$13,IF(A2="MOMIL",$P$14,IF(A2="MONTELIBANO",$P$15,IF(A2="MOÑITOS",$P$16,IF(A2="PLANETA RICA",$P$17,IF(A2="PUEBLO NUEVO",$P$18,IF(A2="PUERTO ESCONDIDO",$P$19,IF(A2="PUERTO LIBERTADOR",$P$20,IF(A2="PURISIMA",$P$21,IF(A2="SAHAGUN",$P$22,IF(A2="SAN ANDRES SOTAVENTO",$P$23,IF(A2="SAN ANTERO",$P$24,IF(A2="SAN BERNARDO DEL VIENTO",$P$25,IF(A2="SAN CARLOS",$P$26,IF(A2="SAN JOSE DE URE",$P$27,IF(A2="SAN PELAYO",$P$28,IF(A2="TIERRALTA",$P$29,IF(A2="TUCHIN",$P$30,IF(A2="VALENCIA",$P$31))))))))))))))))))))))))))))))) -> FALSE | E2: =(IF(A2="MONTERIA",$Q$2,IF(A2="AYAPEL",$Q$3,IF(A2="BUENAVISTA",$Q$4,IF(A2="CANALETE",$Q$5,IF(A2="CERETE",$Q$6,IF(A2="CHIMA",$Q$7,IF(A2="CHINU",$Q$8,IF(A2="CIENAGA DE ORO",$Q$9,IF(A2="COTORRA",$Q$10,IF(A2="LA APARTADA",$Q$11,IF(A2="LORICA",$Q$12,IF(A2="LOS CORDOBAS",$Q$13,IF(A2="MOMIL",$Q$14,IF(A2="MONTELIBANO",$Q$15,IF(A2="MOÑITOS",$Q$16,IF(A2="PLANETA RICA",$Q$17,IF(A2="PUEBLO NUEVO",$Q$18,IF(A2="PUERTO ESCONDIDO",$Q$19,IF(A2="PUERTO LIBERTADOR",$Q$20,IF(A2="PURISIMA",$Q$21,IF(A2="SAHAGUN",$Q$22,IF(A2="SAN ANDRES SOTAVENTO",$Q$23,IF(A2="SAN ANTERO",$Q$24,IF(A2="SAN BERNARDO DEL VIENTO",$Q$25,IF(A2="SAN CARLOS",$Q$26,IF(A2="SAN JOSE DE URE",$Q$27,IF(A2="SAN PELAYO",$Q$28,IF(A2="TIERRALTA",$Q$29,IF(A2="TUCHIN",$Q$30,IF(A2="VALENCIA",$Q$31))))))))))))))))))))))))))))))) -> FALSE | F2: =IFERROR(B2/C2*$H$34,"0") -> 0 | G2: =IFERROR(B2/D2*$H$34,"0") -> 0 | H2: =IFERROR(B2/E2*$H$34,"0") -> 0 | J2: 2022 | L2: 2023 | N2: MONTERIA | O2: =IF($J$2=2022,POBLACIÓN!F6,POBLACIÓN!G6) -> 512994 | P2: =IF($J$2=2022,POBLACIÓN!I6,POBLACIÓN!J6) -> 400073 | Q2: =IF($J$2=2022,POBLACIÓN!L6,POBLACIÓN!M6) -> 112921 | S2: 1000
C3: =(IF(A3="MONTERIA",$O$2,IF(A3="AYAPEL",$O$3,IF(A3="BUENAVISTA",$O$4,IF(A3="CANALETE",$O$5,IF(A3="CERETE",$O$6,IF(A3="CHIMA",$O$7,IF(A3="CHINU",$O$8,IF(A3="CIENAGA DE ORO",$O$9,IF(A3="COTORRA",$O$10,IF(A3="LA APARTADA",$O$11,IF(A3="LORICA",$O$12,IF(A3="LOS CORDOBAS",$O$13,IF(A3="MOMIL",$O$14,IF(A3="MONTELIBANO",$O$15,IF(A3="MOÑITOS",$O$16,IF(A3="PLANETA RICA",$O$17,IF(A3="PUEBLO NUEVO",$O$18,IF(A3="PUERTO ESCONDIDO",$O$19,IF(A3="PUERTO LIBERTADOR",$O$20,IF(A3="PURISIMA",$O$21,IF(A3="SAHAGUN",$O$22,IF(A3="SAN ANDRES SOTAVENTO",$O$23,IF(A3="SAN ANTERO",$O$24,IF(A3="SAN BERNARDO DEL VIENTO",$O$25,IF(A3="SAN CARLOS",$O$26,IF(A3="SAN JOSE DE URE",$O$27,IF(A3="SAN PELAYO",$O$28,IF(A3="TIERRALTA",$O$29,IF(A3="TUCHIN",$O$30,IF(A3="VALENCIA",$O$31))))))))))))))))))))))))))))))) -> FALSE | D3: =(IF(A3="MONTERIA",$P$2,IF(A3="AYAPEL",$P$3,IF(A3="BUENAVISTA",$P$4,IF(A3="CANALETE",$P$5,IF(A3="CERETE",$P$6,IF(A3="CHIMA",$P$7,IF(A3="CHINU",$P$8,IF(A3="CIENAGA DE ORO",$P$9,IF(A3="COTORRA",$P$10,IF(A3="LA APARTADA",$P$11,IF(A3="LORICA",$P$12,IF(A3="LOS CORDOBAS",$P$13,IF(A3="MOMIL",$P$14,IF(A3="MONTELIBANO",$P$15,IF(A3="MOÑITOS",$P$16,IF(A3="PLANETA RICA",$P$17,IF(A3="PUEBLO NUEVO",$P$18,IF(A3="PUERTO ESCONDIDO",$P$19,IF(A3="PUERTO LIBERTADOR",$P$20,IF(A3="PURISIMA",$P$21,IF(A3="SAHAGUN",$P$22,IF(A3="SAN ANDRES SOTAVENTO",$P$23,IF(A3="SAN ANTERO",$P$24,IF(A3="SAN BERNARDO DEL VIENTO",$P$25,IF(A3="SAN CARLOS",$P$26,IF(A3="SAN JOSE DE URE",$P$27,IF(A3="SAN PELAYO",$P$28,IF(A3="TIERRALTA",$P$29,IF(A3="TUCHIN",$P$30,IF(A3="VALENCIA",$P$31))))))))))))))))))))))))))))))) -> FALSE | E3: =(IF(A3="MONTERIA",$Q$2,IF(A3="AYAPEL",$Q$3,IF(A3="BUENAVISTA",$Q$4,IF(A3="CANALETE",$Q$5,IF(A3="CERETE",$Q$6,IF(A3="CHIMA",$Q$7,IF(A3="CHINU",$Q$8,IF(A3="CIENAGA DE ORO",$Q$9,IF(A3="COTORRA",$Q$10,IF(A3="LA APARTADA",$Q$11,IF(A3="LORICA",$Q$12,IF(A3="LOS CORDOBAS",$Q$13,IF(A3="MOMIL",$Q$14,IF(A3="MONTELIBANO",$Q$15,IF(A3="MOÑITOS",$Q$16,IF(A3="PLANETA RICA",$Q$17,IF(A3="PUEBLO NUEVO",$Q$18,IF(A3="PUERTO ESCONDIDO",$Q$19,IF(A3="PUERTO LIBERTADOR",$Q$20,IF(A3="PURISIMA",$Q$21,IF(A3="SAHAGUN",$Q$22,IF(A3="SAN ANDRES SOTAVENTO",$Q$23,IF(A3="SAN ANTERO",$Q$24,IF(A3="SAN BERNARDO DEL VIENTO",$Q$25,IF(A3="SAN CARLOS",$Q$26,IF(A3="SAN JOSE DE URE",$Q$27,IF(A3="SAN PELAYO",$Q$28,IF(A3="TIERRALTA",$Q$29,IF(A3="TUCHIN",$Q$30,IF(A3="VALENCIA",$Q$31))))))))))))))))))))))))))))))) -> FALSE | F3: =IFERROR(B3/C3*$H$34,"0") -> 0 | G3: =IFERROR(B3/D3*$H$34,"0") -> 0 | H3: =IFERROR(B3/E3*$H$34,"0") -> 0 | N3: AYAPEL | O3: =IF($J$2=2022,POBLACIÓN!F7,POBLACIÓN!G7) -> 47954 | P3: =IF($J$2=2022,POBLACIÓN!I7,POBLACIÓN!J7) -> 27949 | Q3: =IF($J$2=2022,POBLACIÓN!L7,POBLACIÓN!M7) -> 20005 | S3: 10000
C4: =(IF(A4="MONTERIA",$O$2,IF(A4="AYAPEL",$O$3,IF(A4="BUENAVISTA",$O$4,IF(A4="CANALETE",$O$5,IF(A4="CERETE",$O$6,IF(A4="CHIMA",$O$7,IF(A4="CHINU",$O$8,IF(A4="CIENAGA DE ORO",$O$9,IF(A4="COTORRA",$O$10,IF(A4="LA APARTADA",$O$11,IF(A4="LORICA",$O$12,IF(A4="LOS CORDOBAS",$O$13,IF(A4="MOMIL",$O$14,IF(A4="MONTELIBANO",$O$15,IF(A4="MOÑITOS",$O$16,IF(A4="PLANETA RICA",$O$17,IF(A4="PUEBLO NUEVO",$O$18,IF(A4="PUERTO ESCONDIDO",$O$19,IF(A4="PUERTO LIBERTADOR",$O$20,IF(A4="PURISIMA",$O$21,IF(A4="SAHAGUN",$O$22,IF(A4="SAN ANDRES SOTAVENTO",$O$23,IF(A4="SAN ANTERO",$O$24,IF(A4="SAN BERNARDO DEL VIENTO",$O$25,IF(A4="SAN CARLOS",$O$26,IF(A4="SAN JOSE DE URE",$O$27,IF(A4="SAN PELAYO",$O$28,IF(A4="TIERRALTA",$O$29,IF(A4="TUCHIN",$O$30,IF(A4="VALENCIA",$O$31))))))))))))))))))))))))))))))) -> FALSE | D4: =(IF(A4="MONTERIA",$P$2,IF(A4="AYAPEL",$P$3,IF(A4="BUENAVISTA",$P$4,IF(A4="CANALETE",$P$5,IF(A4="CERETE",$P$6,IF(A4="CHIMA",$P$7,IF(A4="CHINU",$P$8,IF(A4="CIENAGA DE ORO",$P$9,IF(A4="COTORRA",$P$10,IF(A4="LA APARTADA",$P$11,IF(A4="LORICA",$P$12,IF(A4="LOS CORDOBAS",$P$13,IF(A4="MOMIL",$P$14,IF(A4="MONTELIBANO",$P$15,IF(A4="MOÑITOS",$P$16,IF(A4="PLANETA RICA",$P$17,IF(A4="PUEBLO NUEVO",$P$18,IF(A4="PUERTO ESCONDIDO",$P$19,IF(A4="PUERTO LIBERTADOR",$P$20,IF(A4="PURISIMA",$P$21,IF(A4="SAHAGUN",$P$22,IF(A4="SAN ANDRES SOTAVENTO",$P$23,IF(A4="SAN ANTERO",$P$24,IF(A4="SAN BERNARDO DEL VIENTO",$P$25,IF(A4="SAN CARLOS",$P$26,IF(A4="SAN JOSE DE URE",$P$27,IF(A4="SAN PELAYO",$P$28,IF(A4="TIERRALTA",$P$29,IF(A4="TUCHIN",$P$30,IF(A4="VALENCIA",$P$31))))))))))))))))))))))))))))))) -> FALSE | E4: =(IF(A4="MONTERIA",$Q$2,IF(A4="AYAPEL",$Q$3,IF(A4="BUENAVISTA",$Q$4,IF(A4="CANALETE",$Q$5,IF(A4="CERETE",$Q$6,IF(A4="CHIMA",$Q$7,IF(A4="CHINU",$Q$8,IF(A4="CIENAGA DE ORO",$Q$9,IF(A4="COTORRA",$Q$10,IF(A4="LA APARTADA",$Q$11,IF(A4="LORICA",$Q$12,IF(A4="LOS CORDOBAS",$Q$13,IF(A4="MOMIL",$Q$14,IF(A4="MONTELIBANO",$Q$15,IF(A4="MOÑITOS",$Q$16,IF(A4="PLANETA RICA",$Q$17,IF(A4="PUEBLO NUEVO",$Q$18,IF(A4="PUERTO ESCONDIDO",$Q$19,IF(A4="PUERTO LIBERTADOR",$Q$20,IF(A4="PURISIMA",$Q$21,IF(A4="SAHAGUN",$Q$22,IF(A4="SAN ANDRES SOTAVENTO",$Q$23,IF(A4="SAN ANTERO",$Q$24,IF(A4="SAN BERNARDO DEL VIENTO",$Q$25,IF(A4="SAN CARLOS",$Q$26,IF(A4="SAN JOSE DE URE",$Q$27,IF(A4="SAN PELAYO",$Q$28,IF(A4="TIERRALTA",$Q$29,IF(A4="TUCHIN",$Q$30,IF(A4="VALENCIA",$Q$31))))))))))))))))))))))))))))))) -> FALSE | F4: =IFERROR(B4/C4*$H$34,"0") -> 0 | G4: =IFERROR(B4/D4*$H$34,"0") -> 0 | H4: =IFERROR(B4/E4*$H$34,"0") -> 0 | N4: BUENAVISTA | O4: =IF($J$2=2022,POBLACIÓN!F8,POBLACIÓN!G8) -> 21772 | P4: =IF($J$2=2022,POBLACIÓN!I8,POBLACIÓN!J8) -> 7870 | Q4: =IF($J$2=2022,POBLACIÓN!L8,POBLACIÓN!M8) -> 13902 | S4: 100000
C5: =(IF(A5="MONTERIA",$O$2,IF(A5="AYAPEL",$O$3,IF(A5="BUENAVISTA",$O$4,IF(A5="CANALETE",$O$5,IF(A5="CERETE",$O$6,IF(A5="CHIMA",$O$7,IF(A5="CHINU",$O$8,IF(A5="CIENAGA DE ORO",$O$9,IF(A5="COTORRA",$O$10,IF(A5="LA APARTADA",$O$11,IF(A5="LORICA",$O$12,IF(A5="LOS CORDOBAS",$O$13,IF(A5="MOMIL",$O$14,IF(A5="MONTELIBANO",$O$15,IF(A5="MOÑITOS",$O$16,IF(A5="PLANETA RICA",$O$17,IF(A5="PUEBLO NUEVO",$O$18,IF(A5="PUERTO ESCONDIDO",$O$19,IF(A5="PUERTO LIBERTADOR",$O$20,IF(A5="PURISIMA",$O$21,IF(A5="SAHAGUN",$O$22,IF(A5="SAN ANDRES SOTAVENTO",$O$23,IF(A5="SAN ANTERO",$O$24,IF(A5="SAN BERNARDO DEL VIENTO",$O$25,IF(A5="SAN CARLOS",$O$26,IF(A5="SAN JOSE DE URE",$O$27,IF(A5="SAN PELAYO",$O$28,IF(A5="TIERRALTA",$O$29,IF(A5="TUCHIN",$O$30,IF(A5="VALENCIA",$O$31))))))))))))))))))))))))))))))) -> FALSE | D5: =(IF(A5="MONTERIA",$P$2,IF(A5="AYAPEL",$P$3,IF(A5="BUENAVISTA",$P$4,IF(A5="CANALETE",$P$5,IF(A5="CERETE",$P$6,IF(A5="CHIMA",$P$7,IF(A5="CHINU",$P$8,IF(A5="CIENAGA DE ORO",$P$9,IF(A5="COTORRA",$P$10,IF(A5="LA APARTADA",$P$11,IF(A5="LORICA",$P$12,IF(A5="LOS CORDOBAS",$P$13,IF(A5="MOMIL",$P$14,IF(A5="MONTELIBANO",$P$15,IF(A5="MOÑITOS",$P$16,IF(A5="PLANETA RICA",$P$17,IF(A5="PUEBLO NUEVO",$P$18,IF(A5="PUERTO ESCONDIDO",$P$19,IF(A5="PUERTO LIBERTADOR",$P$20,IF(A5="PURISIMA",$P$21,IF(A5="SAHAGUN",$P$22,IF(A5="SAN ANDRES SOTAVENTO",$P$23,IF(A5="SAN ANTERO",$P$24,IF(A5="SAN BERNARDO DEL VIENTO",$P$25,IF(A5="SAN CARLOS",$P$26,IF(A5="SAN JOSE DE URE",$P$27,IF(A5="SAN PELAYO",$P$28,IF(A5="TIERRALTA",$P$29,IF(A5="TUCHIN",$P$30,IF(A5="VALENCIA",$P$31))))))))))))))))))))))))))))))) -> FALSE | E5: =(IF(A5="MONTERIA",$Q$2,IF(A5="AYAPEL",$Q$3,IF(A5="BUENAVISTA",$Q$4,IF(A5="CANALETE",$Q$5,IF(A5="CERETE",$Q$6,IF(A5="CHIMA",$Q$7,IF(A5="CHINU",$Q$8,IF(A5="CIENAGA DE ORO",$Q$9,IF(A5="COTORRA",$Q$10,IF(A5="LA APARTADA",$Q$11,IF(A5="LORICA",$Q$12,IF(A5="LOS CORDOBAS",$Q$13,IF(A5="MOMIL",$Q$14,IF(A5="MONTELIBANO",$Q$15,IF(A5="MOÑITOS",$Q$16,IF(A5="PLANETA RICA",$Q$17,IF(A5="PUEBLO NUEVO",$Q$18,IF(A5="PUERTO ESCONDIDO",$Q$19,IF(A5="PUERTO LIBERTADOR",$Q$20,IF(A5="PURISIMA",$Q$21,IF(A5="SAHAGUN",$Q$22,IF(A5="SAN ANDRES SOTAVENTO",$Q$23,IF(A5="SAN ANTERO",$Q$24,IF(A5="SAN BERNARDO DEL VIENTO",$Q$25,IF(A5="SAN CARLOS",$Q$26,IF(A5="SAN JOSE DE URE",$Q$27,IF(A5="SAN PELAYO",$Q$28,IF(A5="TIERRALTA",$Q$29,IF(A5="TUCHIN",$Q$30,IF(A5="VALENCIA",$Q$31))))))))))))))))))))))))))))))) -> FALSE | F5: =IFERROR(B5/C5*$H$34,"0") -> 0 | G5: =IFERROR(B5/D5*$H$34,"0") -> 0 | H5: =IFERROR(B5/E5*$H$34,"0") -> 0 | N5: CANALETE | O5: =IF($J$2=2022,POBLACIÓN!F9,POBLACIÓN!G9) -> 15668 | P5: =IF($J$2=2022,POBLACIÓN!I9,POBLACIÓN!J9) -> 3862 | Q5: =IF($J$2=2022,POBLACIÓN!L9,POBLACIÓN!M9) -> 11806
C6: =(IF(A6="MONTERIA",$O$2,IF(A6="AYAPEL",$O$3,IF(A6="BUENAVISTA",$O$4,IF(A6="CANALETE",$O$5,IF(A6="CERETE",$O$6,IF(A6="CHIMA",$O$7,IF(A6="CHINU",$O$8,IF(A6="CIENAGA DE ORO",$O$9,IF(A6="COTORRA",$O$10,IF(A6="LA APARTADA",$O$11,IF(A6="LORICA",$O$12,IF(A6="LOS CORDOBAS",$O$13,IF(A6="MOMIL",$O$14,IF(A6="MONTELIBANO",$O$15,IF(A6="MOÑITOS",$O$16,IF(A6="PLANETA RICA",$O$17,IF(A6="PUEBLO NUEVO",$O$18,IF(A6="PUERTO ESCONDIDO",$O$19,IF(A6="PUERTO LIBERTADOR",$O$20,IF(A6="PURISIMA",$O$21,IF(A6="SAHAGUN",$O$22,IF(A6="SAN ANDRES SOTAVENTO",$O$23,IF(A6="SAN ANTERO",$O$24,IF(A6="SAN BERNARDO DEL VIENTO",$O$25,IF(A6="SAN CARLOS",$O$26,IF(A6="SAN JOSE DE URE",$O$27,IF(A6="SAN PELAYO",$O$28,IF(A6="TIERRALTA",$O$29,IF(A6="TUCHIN",$O$30,IF(A6="VALENCIA",$O$31))))))))))))))))))))))))))))))) -> FALSE | D6: =(IF(A6="MONTERIA",$P$2,IF(A6="AYAPEL",$P$3,IF(A6="BUENAVISTA",$P$4,IF(A6="CANALETE",$P$5,IF(A6="CERETE",$P$6,IF(A6="CHIMA",$P$7,IF(A6="CHINU",$P$8,IF(A6="CIENAGA DE ORO",$P$9,IF(A6="COTORRA",$P$10,IF(A6="LA APARTADA",$P$11,IF(A6="LORICA",$P$12,IF(A6="LOS CORDOBAS",$P$13,IF(A6="MOMIL",$P$14,IF(A6="MONTELIBANO",$P$15,IF(A6="MOÑITOS",$P$16,IF(A6="PLANETA RICA",$P$17,IF(A6="PUEBLO NUEVO",$P$18,IF(A6="PUERTO ESCONDIDO",$P$19,IF(A6="PUERTO LIBERTADOR",$P$20,IF(A6="PURISIMA",$P$21,IF(A6="SAHAGUN",$P$22,IF(A6="SAN ANDRES SOTAVENTO",$P$23,IF(A6="SAN ANTERO",$P$24,IF(A6="SAN BERNARDO DEL VIENTO",$P$25,IF(A6="SAN CARLOS",$P$26,IF(A6="SAN JOSE DE URE",$P$27,IF(A6="SAN PELAYO",$P$28,IF(A6="TIERRALTA",$P$29,IF(A6="TUCHIN",$P$30,IF(A6="VALENCIA",$P$31))))))))))))))))))))))))))))))) -> FALSE | E6: =(IF(A6="MONTERIA",$Q$2,IF(A6="AYAPEL",$Q$3,IF(A6="BUENAVISTA",$Q$4,IF(A6="CANALETE",$Q$5,IF(A6="CERETE",$Q$6,IF(A6="CHIMA",$Q$7,IF(A6="CHINU",$Q$8,IF(A6="CIENAGA DE ORO",$Q$9,IF(A6="COTORRA",$Q$10,IF(A6="LA APARTADA",$Q$11,IF(A6="LORICA",$Q$12,IF(A6="LOS CORDOBAS",$Q$13,IF(A6="MOMIL",$Q$14,IF(A6="MONTELIBANO",$Q$15,IF(A6="MOÑITOS",$Q$16,IF(A6="PLANETA RICA",$Q$17,IF(A6="PUEBLO NUEVO",$Q$18,IF(A6="PUERTO ESCONDIDO",$Q$19,IF(A6="PUERTO LIBERTADOR",$Q$20,IF(A6="PURISIMA",$Q$21,IF(A6="SAHAGUN",$Q$22,IF(A6="SAN ANDRES SOTAVENTO",$Q$23,IF(A6="SAN ANTERO",$Q$24,IF(A6="SAN BERNARDO DEL VIENTO",$Q$25,IF(A6="SAN CARLOS",$Q$26,IF(A6="SAN JOSE DE URE",$Q$27,IF(A6="SAN PELAYO",$Q$28,IF(A6="TIERRALTA",$Q$29,IF(A6="TUCHIN",$Q$30,IF(A6="VALENCIA",$Q$31))))))))))))))))))))))))))))))) -> FALSE | F6: =IFERROR(B6/C6*$H$34,"0") -> 0 | G6: =IFERROR(B6/D6*$H$34,"0") -> 0 | H6: =IFERROR(B6/E6*$H$34,"0") -> 0 | N6: CERETE | O6: =IF($J$2=2022,POBLACIÓN!F10,POBLACIÓN!G10) -> 110032 | P6: =IF($J$2=2022,POBLACIÓN!I10,POBLACIÓN!J10) -> 60639 | Q6: =IF($J$2=2022,POBLACIÓN!L10,POBLACIÓN!M10) -> 49393
C7: =(IF(A7="MONTERIA",$O$2,IF(A7="AYAPEL",$O$3,IF(A7="BUENAVISTA",$O$4,IF(A7="CANALETE",$O$5,IF(A7="CERETE",$O$6,IF(A7="CHIMA",$O$7,IF(A7="CHINU",$O$8,IF(A7="CIENAGA DE ORO",$O$9,IF(A7="COTORRA",$O$10,IF(A7="LA APARTADA",$O$11,IF(A7="LORICA",$O$12,IF(A7="LOS CORDOBAS",$O$13,IF(A7="MOMIL",$O$14,IF(A7="MONTELIBANO",$O$15,IF(A7="MOÑITOS",$O$16,IF(A7="PLANETA RICA",$O$17,IF(A7="PUEBLO NUEVO",$O$18,IF(A7="PUERTO ESCONDIDO",$O$19,IF(A7="PUERTO LIBERTADOR",$O$20,IF(A7="PURISIMA",$O$21,IF(A7="SAHAGUN",$O$22,IF(A7="SAN ANDRES SOTAVENTO",$O$23,IF(A7="SAN ANTERO",$O$24,IF(A7="SAN BERNARDO DEL VIENTO",$O$25,IF(A7="SAN CARLOS",$O$26,IF(A7="SAN JOSE DE URE",$O$27,IF(A7="SAN PELAYO",$O$28,IF(A7="TIERRALTA",$O$29,IF(A7="TUCHIN",$O$30,IF(A7="VALENCIA",$O$31))))))))))))))))))))))))))))))) -> FALSE | D7: =(IF(A7="MONTERIA",$P$2,IF(A7="AYAPEL",$P$3,IF(A7="BUENAVISTA",$P$4,IF(A7="CANALETE",$P$5,IF(A7="CERETE",$P$6,IF(A7="CHIMA",$P$7,IF(A7="CHINU",$P$8,IF(A7="CIENAGA DE ORO",$P$9,IF(A7="COTORRA",$P$10,IF(A7="LA APARTADA",$P$11,IF(A7="LORICA",$P$12,IF(A7="LOS CORDOBAS",$P$13,IF(A7="MOMIL",$P$14,IF(A7="MONTELIBANO",$P$15,IF(A7="MOÑITOS",$P$16,IF(A7="PLANETA RICA",$P$17,IF(A7="PUEBLO NUEVO",$P$18,IF(A7="PUERTO ESCONDIDO",$P$19,IF(A7="PUERTO LIBERTADOR",$P$20,IF(A7="PURISIMA",$P$21,IF(A7="SAHAGUN",$P$22,IF(A7="SAN ANDRES SOTAVENTO",$P$23,IF(A7="SAN ANTERO",$P$24,IF(A7="SAN BERNARDO DEL VIENTO",$P$25,IF(A7="SAN CARLOS",$P$26,IF(A7="SAN JOSE DE URE",$P$27,IF(A7="SAN PELAYO",$P$28,IF(A7="TIERRALTA",$P$29,IF(A7="TUCHIN",$P$30,IF(A7="VALENCIA",$P$31))))))))))))))))))))))))))))))) -> FALSE | E7: =(IF(A7="MONTERIA",$Q$2,IF(A7="AYAPEL",$Q$3,IF(A7="BUENAVISTA",$Q$4,IF(A7="CANALETE",$Q$5,IF(A7="CERETE",$Q$6,IF(A7="CHIMA",$Q$7,IF(A7="CHINU",$Q$8,IF(A7="CIENAGA DE ORO",$Q$9,IF(A7="COTORRA",$Q$10,IF(A7="LA APARTADA",$Q$11,IF(A7="LORICA",$Q$12,IF(A7="LOS CORDOBAS",$Q$13,IF(A7="MOMIL",$Q$14,IF(A7="MONTELIBANO",$Q$15,IF(A7="MOÑITOS",$Q$16,IF(A7="PLANETA RICA",$Q$17,IF(A7="PUEBLO NUEVO",$Q$18,IF(A7="PUERTO ESCONDIDO",$Q$19,IF(A7="PUERTO LIBERTADOR",$Q$20,IF(A7="PURISIMA",$Q$21,IF(A7="SAHAGUN",$Q$22,IF(A7="SAN ANDRES SOTAVENTO",$Q$23,IF(A7="SAN ANTERO",$Q$24,IF(A7="SAN BERNARDO DEL VIENTO",$Q$25,IF(A7="SAN CARLOS",$Q$26,IF(A7="SAN JOSE DE URE",$Q$27,IF(A7="SAN PELAYO",$Q$28,IF(A7="TIERRALTA",$Q$29,IF(A7="TUCHIN",$Q$30,IF(A7="VALENCIA",$Q$31))))))))))))))))))))))))))))))) -> FALSE | F7: =IFERROR(B7/C7*$H$34,"0") -> 0 | G7: =IFERROR(B7/D7*$H$34,"0") -> 0 | H7: =IFERROR(B7/E7*$H$34,"0") -> 0 | N7: CHIMA | O7: =IF($J$2=2022,POBLACIÓN!F11,POBLACIÓN!G11) -> 18173 | P7: =IF($J$2=2022,POBLACIÓN!I11,POBLACIÓN!J11) -> 3691 | Q7: =IF($J$2=2022,POBLACIÓN!L11,POBLACIÓN!M11) -> 14482
C8: =(IF(A8="MONTERIA",$O$2,IF(A8="AYAPEL",$O$3,IF(A8="BUENAVISTA",$O$4,IF(A8="CANALETE",$O$5,IF(A8="CERETE",$O$6,IF(A8="CHIMA",$O$7,IF(A8="CHINU",$O$8,IF(A8="CIENAGA DE ORO",$O$9,IF(A8="COTORRA",$O$10,IF(A8="LA APARTADA",$O$11,IF(A8="LORICA",$O$12,IF(A8="LOS CORDOBAS",$O$13,IF(A8="MOMIL",$O$14,IF(A8="MONTELIBANO",$O$15,IF(A8="MOÑITOS",$O$16,IF(A8="PLANETA RICA",$O$17,IF(A8="PUEBLO NUEVO",$O$18,IF(A8="PUERTO ESCONDIDO",$O$19,IF(A8="PUERTO LIBERTADOR",$O$20,IF(A8="PURISIMA",$O$21,IF(A8="SAHAGUN",$O$22,IF(A8="SAN ANDRES SOTAVENTO",$O$23,IF(A8="SAN ANTERO",$O$24,IF(A8="SAN BERNARDO DEL VIENTO",$O$25,IF(A8="SAN CARLOS",$O$26,IF(A8="SAN JOSE DE URE",$O$27,IF(A8="SAN PELAYO",$O$28,IF(A8="TIERRALTA",$O$29,IF(A8="TUCHIN",$O$30,IF(A8="VALENCIA",$O$31))))))))))))))))))))))))))))))) -> FALSE | D8: =(IF(A8="MONTERIA",$P$2,IF(A8="AYAPEL",$P$3,IF(A8="BUENAVISTA",$P$4,IF(A8="CANALETE",$P$5,IF(A8="CERETE",$P$6,IF(A8="CHIMA",$P$7,IF(A8="CHINU",$P$8,IF(A8="CIENAGA DE ORO",$P$9,IF(A8="COTORRA",$P$10,IF(A8="LA APARTADA",$P$11,IF(A8="LORICA",$P$12,IF(A8="LOS CORDOBAS",$P$13,IF(A8="MOMIL",$P$14,IF(A8="MONTELIBANO",$P$15,IF(A8="MOÑITOS",$P$16,IF(A8="PLANETA RICA",$P$17,IF(A8="PUEBLO NUEVO",$P$18,IF(A8="PUERTO ESCONDIDO",$P$19,IF(A8="PUERTO LIBERTADOR",$P$20,IF(A8="PURISIMA",$P$21,IF(A8="SAHAGUN",$P$22,IF(A8="SAN ANDRES SOTAVENTO",$P$23,IF(A8="SAN ANTERO",$P$24,IF(A8="SAN BERNARDO DEL VIENTO",$P$25,IF(A8="SAN CARLOS",$P$26,IF(A8="SAN JOSE DE URE",$P$27,IF(A8="SAN PELAYO",$P$28,IF(A8="TIERRALTA",$P$29,IF(A8="TUCHIN",$P$30,IF(A8="VALENCIA",$P$31))))))))))))))))))))))))))))))) -> FALSE | E8: =(IF(A8="MONTERIA",$Q$2,IF(A8="AYAPEL",$Q$3,IF(A8="BUENAVISTA",$Q$4,IF(A8="CANALETE",$Q$5,IF(A8="CERETE",$Q$6,IF(A8="CHIMA",$Q$7,IF(A8="CHINU",$Q$8,IF(A8="CIENAGA DE ORO",$Q$9,IF(A8="COTORRA",$Q$10,IF(A8="LA APARTADA",$Q$11,IF(A8="LORICA",$Q$12,IF(A8="LOS CORDOBAS",$Q$13,IF(A8="MOMIL",$Q$14,IF(A8="MONTELIBANO",$Q$15,IF(A8="MOÑITOS",$Q$16,IF(A8="PLANETA RICA",$Q$17,IF(A8="PUEBLO NUEVO",$Q$18,IF(A8="PUERTO ESCONDIDO",$Q$19,IF(A8="PUERTO LIBERTADOR",$Q$20,IF(A8="PURISIMA",$Q$21,IF(A8="SAHAGUN",$Q$22,IF(A8="SAN ANDRES SOTAVENTO",$Q$23,IF(A8="SAN ANTERO",$Q$24,IF(A8="SAN BERNARDO DEL VIENTO",$Q$25,IF(A8="SAN CARLOS",$Q$26,IF(A8="SAN JOSE DE URE",$Q$27,IF(A8="SAN PELAYO",$Q$28,IF(A8="TIERRALTA",$Q$29,IF(A8="TUCHIN",$Q$30,IF(A8="VALENCIA",$Q$31))))))))))))))))))))))))))))))) -> FALSE | F8: =IFERROR(B8/C8*$H$34,"0") -> 0 | G8: =IFERROR(B8/D8*$H$34,"0") -> 0 | H8: =IFERROR(B8/E8*$H$34,"0") -> 0 | N8: CHINU | O8: =IF($J$2=2022,POBLACIÓN!F12,POBLACIÓN!G12) -> 49422 | P8: =IF($J$2=2022,POBLACIÓN!I12,POBLACIÓN!J12) -> 20022 | Q8: =IF($J$2=2022,POBLACIÓN!L12,POBLACIÓN!M12) -> 29400
C9: =(IF(A9="MONTERIA",$O$2,IF(A9="AYAPEL",$O$3,IF(A9="BUENAVISTA",$O$4,IF(A9="CANALETE",$O$5,IF(A9="CERETE",$O$6,IF(A9="CHIMA",$O$7,IF(A9="CHINU",$O$8,IF(A9="CIENAGA DE ORO",$O$9,IF(A9="COTORRA",$O$10,IF(A9="LA APARTADA",$O$11,IF(A9="LORICA",$O$12,IF(A9="LOS CORDOBAS",$O$13,IF(A9="MOMIL",$O$14,IF(A9="MONTELIBANO",$O$15,IF(A9="MOÑITOS",$O$16,IF(A9="PLANETA RICA",$O$17,IF(A9="PUEBLO NUEVO",$O$18,IF(A9="PUERTO ESCONDIDO",$O$19,IF(A9="PUERTO LIBERTADOR",$O$20,IF(A9="PURISIMA",$O$21,IF(A9="SAHAGUN",$O$22,IF(A9="SAN ANDRES SOTAVENTO",$O$23,IF(A9="SAN ANTERO",$O$24,IF(A9="SAN BERNARDO DEL VIENTO",$O$25,IF(A9="SAN CARLOS",$O$26,IF(A9="SAN JOSE DE URE",$O$27,IF(A9="SAN PELAYO",$O$28,IF(A9="TIERRALTA",$O$29,IF(A9="TUCHIN",$O$30,IF(A9="VALENCIA",$O$31))))))))))))))))))))))))))))))) -> FALSE | D9: =(IF(A9="MONTERIA",$P$2,IF(A9="AYAPEL",$P$3,IF(A9="BUENAVISTA",$P$4,IF(A9="CANALETE",$P$5,IF(A9="CERETE",$P$6,IF(A9="CHIMA",$P$7,IF(A9="CHINU",$P$8,IF(A9="CIENAGA DE ORO",$P$9,IF(A9="COTORRA",$P$10,IF(A9="LA APARTADA",$P$11,IF(A9="LORICA",$P$12,IF(A9="LOS CORDOBAS",$P$13,IF(A9="MOMIL",$P$14,IF(A9="MONTELIBANO",$P$15,IF(A9="MOÑITOS",$P$16,IF(A9="PLANETA RICA",$P$17,IF(A9="PUEBLO NUEVO",$P$18,IF(A9="PUERTO ESCONDIDO",$P$19,IF(A9="PUERTO LIBERTADOR",$P$20,IF(A9="PURISIMA",$P$21,IF(A9="SAHAGUN",$P$22,IF(A9="SAN ANDRES SOTAVENTO",$P$23,IF(A9="SAN ANTERO",$P$24,IF(A9="SAN BERNARDO DEL VIENTO",$P$25,IF(A9="SAN CARLOS",$P$26,IF(A9="SAN JOSE DE URE",$P$27,IF(A9="SAN PELAYO",$P$28,IF(A9="TIERRALTA",$P$29,IF(A9="TUCHIN",$P$30,IF(A9="VALENCIA",$P$31))))))))))))))))))))))))))))))) -> FALSE | E9: =(IF(A9="MONTERIA",$Q$2,IF(A9="AYAPEL",$Q$3,IF(A9="BUENAVISTA",$Q$4,IF(A9="CANALETE",$Q$5,IF(A9="CERETE",$Q$6,IF(A9="CHIMA",$Q$7,IF(A9="CHINU",$Q$8,IF(A9="CIENAGA DE ORO",$Q$9,IF(A9="COTORRA",$Q$10,IF(A9="LA APARTADA",$Q$11,IF(A9="LORICA",$Q$12,IF(A9="LOS CORDOBAS",$Q$13,IF(A9="MOMIL",$Q$14,IF(A9="MONTELIBANO",$Q$15,IF(A9="MOÑITOS",$Q$16,IF(A9="PLANETA RICA",$Q$17,IF(A9="PUEBLO NUEVO",$Q$18,IF(A9="PUERTO ESCONDIDO",$Q$19,IF(A9="PUERTO LIBERTADOR",$Q$20,IF(A9="PURISIMA",$Q$21,IF(A9="SAHAGUN",$Q$22,IF(A9="SAN ANDRES SOTAVENTO",$Q$23,IF(A9="SAN ANTERO",$Q$24,IF(A9="SAN BERNARDO DEL VIENTO",$Q$25,IF(A9="SAN CARLOS",$Q$26,IF(A9="SAN JOSE DE URE",$Q$27,IF(A9="SAN PELAYO",$Q$28,IF(A9="TIERRALTA",$Q$29,IF(A9="TUCHIN",$Q$30,IF(A9="VALENCIA",$Q$31))))))))))))))))))))))))))))))) -> FALSE | F9: =IFERROR(B9/C9*$H$34,"0") -> 0 | G9: =IFERROR(B9/D9*$H$34,"0") -> 0 | H9: =IFERROR(B9/E9*$H$34,"0") -> 0 | N9: CIENAGA DE ORO | O9: =IF($J$2=2022,POBLACIÓN!F13,POBLACIÓN!G13) -> 61426 | P9: =IF($J$2=2022,POBLACIÓN!I13,POBLACIÓN!J13) -> 22310 | Q9: =IF($J$2=2022,POBLACIÓN!L13,POBLACIÓN!M13) -> 39116
C10: =(IF(A10="MONTERIA",$O$2,IF(A10="AYAPEL",$O$3,IF(A10="BUENAVISTA",$O$4,IF(A10="CANALETE",$O$5,IF(A10="CERETE",$O$6,IF(A10="CHIMA",$O$7,IF(A10="CHINU",$O$8,IF(A10="CIENAGA DE ORO",$O$9,IF(A10="COTORRA",$O$10,IF(A10="LA APARTADA",$O$11,IF(A10="LORICA",$O$12,IF(A10="LOS CORDOBAS",$O$13,IF(A10="MOMIL",$O$14,IF(A10="MONTELIBANO",$O$15,IF(A10="MOÑITOS",$O$16,IF(A10="PLANETA RICA",$O$17,IF(A10="PUEBLO NUEVO",$O$18,IF(A10="PUERTO ESCONDIDO",$O$19,IF(A10="PUERTO LIBERTADOR",$O$20,IF(A10="PURISIMA",$O$21,IF(A10="SAHAGUN",$O$22,IF(A10="SAN ANDRES SOTAVENTO",$O$23,IF(A10="SAN ANTERO",$O$24,IF(A10="SAN BERNARDO DEL VIENTO",$O$25,IF(A10="SAN CARLOS",$O$26,IF(A10="SAN JOSE DE URE",$O$27,IF(A10="SAN PELAYO",$O$28,IF(A10="TIERRALTA",$O$29,IF(A10="TUCHIN",$O$30,IF(A10="VALENCIA",$O$31))))))))))))))))))))))))))))))) -> FALSE | D10: =(IF(A10="MONTERIA",$P$2,IF(A10="AYAPEL",$P$3,IF(A10="BUENAVISTA",$P$4,IF(A10="CANALETE",$P$5,IF(A10="CERETE",$P$6,IF(A10="CHIMA",$P$7,IF(A10="CHINU",$P$8,IF(A10="CIENAGA DE ORO",$P$9,IF(A10="COTORRA",$P$10,IF(A10="LA APARTADA",$P$11,IF(A10="LORICA",$P$12,IF(A10="LOS CORDOBAS",$P$13,IF(A10="MOMIL",$P$14,IF(A10="MONTELIBANO",$P$15,IF(A10="MOÑITOS",$P$16,IF(A10="PLANETA RICA",$P$17,IF(A10="PUEBLO NUEVO",$P$18,IF(A10="PUERTO ESCONDIDO",$P$19,IF(A10="PUERTO LIBERTADOR",$P$20,IF(A10="PURISIMA",$P$21,IF(A10="SAHAGUN",$P$22,IF(A10="SAN ANDRES SOTAVENTO",$P$23,IF(A10="SAN ANTERO",$P$24,IF(A10="SAN BERNARDO DEL VIENTO",$P$25,IF(A10="SAN CARLOS",$P$26,IF(A10="SAN JOSE DE URE",$P$27,IF(A10="SAN PELAYO",$P$28,IF(A10="TIERRALTA",$P$29,IF(A10="TUCHIN",$P$30,IF(A10="VALENCIA",$P$31))))))))))))))))))))))))))))))) -> FALSE | E10: =(IF(A10="MONTERIA",$Q$2,IF(A10="AYAPEL",$Q$3,IF(A10="BUENAVISTA",$Q$4,IF(A10="CANALETE",$Q$5,IF(A10="CERETE",$Q$6,IF(A10="CHIMA",$Q$7,IF(A10="CHINU",$Q$8,IF(A10="CIENAGA DE ORO",$Q$9,IF(A10="COTORRA",$Q$10,IF(A10="LA APARTADA",$Q$11,IF(A10="LORICA",$Q$12,IF(A10="LOS CORDOBAS",$Q$13,IF(A10="MOMIL",$Q$14,IF(A10="MONTELIBANO",$Q$15,IF(A10="MOÑITOS",$Q$16,IF(A10="PLANETA RICA",$Q$17,IF(A10="PUEBLO NUEVO",$Q$18,IF(A10="PUERTO ESCONDIDO",$Q$19,IF(A10="PUERTO LIBERTADOR",$Q$20,IF(A10="PURISIMA",$Q$21,IF(A10="SAHAGUN",$Q$22,IF(A10="SAN ANDRES SOTAVENTO",$Q$23,IF(A10="SAN ANTERO",$Q$24,IF(A10="SAN BERNARDO DEL VIENTO",$Q$25,IF(A10="SAN CARLOS",$Q$26,IF(A10="SAN JOSE DE URE",$Q$27,IF(A10="SAN PELAYO",$Q$28,IF(A10="TIERRALTA",$Q$29,IF(A10="TUCHIN",$Q$30,IF(A10="VALENCIA",$Q$31))))))))))))))))))))))))))))))) -> FALSE | F10: =IFERROR(B10/C10*$H$34,"0") -> 0 | G10: =IFERROR(B10/D10*$H$34,"0") -> 0 | H10: =IFERROR(B10/E10*$H$34,"0") -> 0 | N10: COTORRA | O10: =IF($J$2=2022,POBLACIÓN!F14,POBLACIÓN!G14) -> 19845 | P10: =IF($J$2=2022,POBLACIÓN!I14,POBLACIÓN!J14) -> 6116 | Q10: =IF($J$2=2022,POBLACIÓN!L14,POBLACIÓN!M14) -> 13729
C11: =(IF(A11="MONTERIA",$O$2,IF(A11="AYAPEL",$O$3,IF(A11="BUENAVISTA",$O$4,IF(A11="CANALETE",$O$5,IF(A11="CERETE",$O$6,IF(A11="CHIMA",$O$7,IF(A11="CHINU",$O$8,IF(A11="CIENAGA DE ORO",$O$9,IF(A11="COTORRA",$O$10,IF(A11="LA APARTADA",$O$11,IF(A11="LORICA",$O$12,IF(A11="LOS CORDOBAS",$O$13,IF(A11="MOMIL",$O$14,IF(A11="MONTELIBANO",$O$15,IF(A11="MOÑITOS",$O$16,IF(A11="PLANETA RICA",$O$17,IF(A11="PUEBLO NUEVO",$O$18,IF(A11="PUERTO ESCONDIDO",$O$19,IF(A11="PUERTO LIBERTADOR",$O$20,IF(A11="PURISIMA",$O$21,IF(A11="SAHAGUN",$O$22,IF(A11="SAN ANDRES SOTAVENTO",$O$23,IF(A11="SAN ANTERO",$O$24,IF(A11="SAN BERNARDO DEL VIENTO",$O$25,IF(A11="SAN CARLOS",$O$26,IF(A11="SAN JOSE DE URE",$O$27,IF(A11="SAN PELAYO",$O$28,IF(A11="TIERRALTA",$O$29,IF(A11="TUCHIN",$O$30,IF(A11="VALENCIA",$O$31))))))))))))))))))))))))))))))) -> FALSE | D11: =(IF(A11="MONTERIA",$P$2,IF(A11="AYAPEL",$P$3,IF(A11="BUENAVISTA",$P$4,IF(A11="CANALETE",$P$5,IF(A11="CERETE",$P$6,IF(A11="CHIMA",$P$7,IF(A11="CHINU",$P$8,IF(A11="CIENAGA DE ORO",$P$9,IF(A11="COTORRA",$P$10,IF(A11="LA APARTADA",$P$11,IF(A11="LORICA",$P$12,IF(A11="LOS CORDOBAS",$P$13,IF(A11="MOMIL",$P$14,IF(A11="MONTELIBANO",$P$15,IF(A11="MOÑITOS",$P$16,IF(A11="PLANETA RICA",$P$17,IF(A11="PUEBLO NUEVO",$P$18,IF(A11="PUERTO ESCONDIDO",$P$19,IF(A11="PUERTO LIBERTADOR",$P$20,IF(A11="PURISIMA",$P$21,IF(A11="SAHAGUN",$P$22,IF(A11="SAN ANDRES SOTAVENTO",$P$23,IF(A11="SAN ANTERO",$P$24,IF(A11="SAN BERNARDO DEL VIENTO",$P$25,IF(A11="SAN CARLOS",$P$26,IF(A11="SAN JOSE DE URE",$P$27,IF(A11="SAN PELAYO",$P$28,IF(A11="TIERRALTA",$P$29,IF(A11="TUCHIN",$P$30,IF(A11="VALENCIA",$P$31))))))))))))))))))))))))))))))) -> FALSE | E11: =(IF(A11="MONTERIA",$Q$2,IF(A11="AYAPEL",$Q$3,IF(A11="BUENAVISTA",$Q$4,IF(A11="CANALETE",$Q$5,IF(A11="CERETE",$Q$6,IF(A11="CHIMA",$Q$7,IF(A11="CHINU",$Q$8,IF(A11="CIENAGA DE ORO",$Q$9,IF(A11="COTORRA",$Q$10,IF(A11="LA APARTADA",$Q$11,IF(A11="LORICA",$Q$12,IF(A11="LOS CORDOBAS",$Q$13,IF(A11="MOMIL",$Q$14,IF(A11="MONTELIBANO",$Q$15,IF(A11="MOÑITOS",$Q$16,IF(A11="PLANETA RICA",$Q$17,IF(A11="PUEBLO NUEVO",$Q$18,IF(A11="PUERTO ESCONDIDO",$Q$19,IF(A11="PUERTO LIBERTADOR",$Q$20,IF(A11="PURISIMA",$Q$21,IF(A11="SAHAGUN",$Q$22,IF(A11="SAN ANDRES SOTAVENTO",$Q$23,IF(A11="SAN ANTERO",$Q$24,IF(A11="SAN BERNARDO DEL VIENTO",$Q$25,IF(A11="SAN CARLOS",$Q$26,IF(A11="SAN JOSE DE URE",$Q$27,IF(A11="SAN PELAYO",$Q$28,IF(A11="TIERRALTA",$Q$29,IF(A11="TUCHIN",$Q$30,IF(A11="VALENCIA",$Q$31))))))))))))))))))))))))))))))) -> FALSE | F11: =IFERROR(B11/C11*$H$34,"0") -> 0 | G11: =IFERROR(B11/D11*$H$34,"0") -> 0 | H11: =IFERROR(B11/E11*$H$34,"0") -> 0 | N11: LA APARTADA | O11: =IF($J$2=2022,POBLACIÓN!F15,POBLACIÓN!G15) -> 15446 | P11: =IF($J$2=2022,POBLACIÓN!I15,POBLACIÓN!J15) -> 11696 | Q11: =IF($J$2=2022,POBLACIÓN!L15,POBLACIÓN!M15) -> 3750
C12: =(IF(A12="MONTERIA",$O$2,IF(A12="AYAPEL",$O$3,IF(A12="BUENAVISTA",$O$4,IF(A12="CANALETE",$O$5,IF(A12="CERETE",$O$6,IF(A12="CHIMA",$O$7,IF(A12="CHINU",$O$8,IF(A12="CIENAGA DE ORO",$O$9,IF(A12="COTORRA",$O$10,IF(A12="LA APARTADA",$O$11,IF(A12="LORICA",$O$12,IF(A12="LOS CORDOBAS",$O$13,IF(A12="MOMIL",$O$14,IF(A12="MONTELIBANO",$O$15,IF(A12="MOÑITOS",$O$16,IF(A12="PLANETA RICA",$O$17,IF(A12="PUEBLO NUEVO",$O$18,IF(A12="PUERTO ESCONDIDO",$O$19,IF(A12="PUERTO LIBERTADOR",$O$20,IF(A12="PURISIMA",$O$21,IF(A12="SAHAGUN",$O$22,IF(A12="SAN ANDRES SOTAVENTO",$O$23,IF(A12="SAN ANTERO",$O$24,IF(A12="SAN BERNARDO DEL VIENTO",$O$25,IF(A12="SAN CARLOS",$O$26,IF(A12="SAN JOSE DE URE",$O$27,IF(A12="SAN PELAYO",$O$28,IF(A12="TIERRALTA",$O$29,IF(A12="TUCHIN",$O$30,IF(A12="VALENCIA",$O$31))))))))))))))))))))))))))))))) -> FALSE | D12: =(IF(A12="MONTERIA",$P$2,IF(A12="AYAPEL",$P$3,IF(A12="BUENAVISTA",$P$4,IF(A12="CANALETE",$P$5,IF(A12="CERETE",$P$6,IF(A12="CHIMA",$P$7,IF(A12="CHINU",$P$8,IF(A12="CIENAGA DE ORO",$P$9,IF(A12="COTORRA",$P$10,IF(A12="LA APARTADA",$P$11,IF(A12="LORICA",$P$12,IF(A12="LOS CORDOBAS",$P$13,IF(A12="MOMIL",$P$14,IF(A12="MONTELIBANO",$P$15,IF(A12="MOÑITOS",$P$16,IF(A12="PLANETA RICA",$P$17,IF(A12="PUEBLO NUEVO",$P$18,IF(A12="PUERTO ESCONDIDO",$P$19,IF(A12="PUERTO LIBERTADOR",$P$20,IF(A12="PURISIMA",$P$21,IF(A12="SAHAGUN",$P$22,IF(A12="SAN ANDRES SOTAVENTO",$P$23,IF(A12="SAN ANTERO",$P$24,IF(A12="SAN BERNARDO DEL VIENTO",$P$25,IF(A12="SAN CARLOS",$P$26,IF(A12="SAN JOSE DE URE",$P$27,IF(A12="SAN PELAYO",$P$28,IF(A12="TIERRALTA",$P$29,IF(A12="TUCHIN",$P$30,IF(A12="VALENCIA",$P$31))))))))))))))))))))))))))))))) -> FALSE | E12: =(IF(A12="MONTERIA",$Q$2,IF(A12="AYAPEL",$Q$3,IF(A12="BUENAVISTA",$Q$4,IF(A12="CANALETE",$Q$5,IF(A12="CERETE",$Q$6,IF(A12="CHIMA",$Q$7,IF(A12="CHINU",$Q$8,IF(A12="CIENAGA DE ORO",$Q$9,IF(A12="COTORRA",$Q$10,IF(A12="LA APARTADA",$Q$11,IF(A12="LORICA",$Q$12,IF(A12="LOS CORDOBAS",$Q$13,IF(A12="MOMIL",$Q$14,IF(A12="MONTELIBANO",$Q$15,IF(A12="MOÑITOS",$Q$16,IF(A12="PLANETA RICA",$Q$17,IF(A12="PUEBLO NUEVO",$Q$18,IF(A12="PUERTO ESCONDIDO",$Q$19,IF(A12="PUERTO LIBERTADOR",$Q$20,IF(A12="PURISIMA",$Q$21,IF(A12="SAHAGUN",$Q$22,IF(A12="SAN ANDRES SOTAVENTO",$Q$23,IF(A12="SAN ANTERO",$Q$24,IF(A12="SAN BERNARDO DEL VIENTO",$Q$25,IF(A12="SAN CARLOS",$Q$26,IF(A12="SAN JOSE DE URE",$Q$27,IF(A12="SAN PELAYO",$Q$28,IF(A12="TIERRALTA",$Q$29,IF(A12="TUCHIN",$Q$30,IF(A12="VALENCIA",$Q$31))))))))))))))))))))))))))))))) -> FALSE | F12: =IFERROR(B12/C12*$H$34,"0") -> 0 | G12: =IFERROR(B12/D12*$H$34,"0") -> 0 | H12: =IFERROR(B12/E12*$H$34,"0") -> 0 | N12: LORICA | O12: =IF($J$2=2022,POBLACIÓN!F16,POBLACIÓN!G16) -> 117188 | P12: =IF($J$2=2022,POBLACIÓN!I16,POBLACIÓN!J16) -> 54633 | Q12: =IF($J$2=2022,POBLACIÓN!L16,POBLACIÓN!M16) -> 62555
C13: =(IF(A13="MONTERIA",$O$2,IF(A13="AYAPEL",$O$3,IF(A13="BUENAVISTA",$O$4,IF(A13="CANALETE",$O$5,IF(A13="CERETE",$O$6,IF(A13="CHIMA",$O$7,IF(A13="CHINU",$O$8,IF(A13="CIENAGA DE ORO",$O$9,IF(A13="COTORRA",$O$10,IF(A13="LA APARTADA",$O$11,IF(A13="LORICA",$O$12,IF(A13="LOS CORDOBAS",$O$13,IF(A13="MOMIL",$O$14,IF(A13="MONTELIBANO",$O$15,IF(A13="MOÑITOS",$O$16,IF(A13="PLANETA RICA",$O$17,IF(A13="PUEBLO NUEVO",$O$18,IF(A13="PUERTO ESCONDIDO",$O$19,IF(A13="PUERTO LIBERTADOR",$O$20,IF(A13="PURISIMA",$O$21,IF(A13="SAHAGUN",$O$22,IF(A13="SAN ANDRES SOTAVENTO",$O$23,IF(A13="SAN ANTERO",$O$24,IF(A13="SAN BERNARDO DEL VIENTO",$O$25,IF(A13="SAN CARLOS",$O$26,IF(A13="SAN JOSE DE URE",$O$27,IF(A13="SAN PELAYO",$O$28,IF(A13="TIERRALTA",$O$29,IF(A13="TUCHIN",$O$30,IF(A13="VALENCIA",$O$31))))))))))))))))))))))))))))))) -> FALSE | D13: =(IF(A13="MONTERIA",$P$2,IF(A13="AYAPEL",$P$3,IF(A13="BUENAVISTA",$P$4,IF(A13="CANALETE",$P$5,IF(A13="CERETE",$P$6,IF(A13="CHIMA",$P$7,IF(A13="CHINU",$P$8,IF(A13="CIENAGA DE ORO",$P$9,IF(A13="COTORRA",$P$10,IF(A13="LA APARTADA",$P$11,IF(A13="LORICA",$P$12,IF(A13="LOS CORDOBAS",$P$13,IF(A13="MOMIL",$P$14,IF(A13="MONTELIBANO",$P$15,IF(A13="MOÑITOS",$P$16,IF(A13="PLANETA RICA",$P$17,IF(A13="PUEBLO NUEVO",$P$18,IF(A13="PUERTO ESCONDIDO",$P$19,IF(A13="PUERTO LIBERTADOR",$P$20,IF(A13="PURISIMA",$P$21,IF(A13="SAHAGUN",$P$22,IF(A13="SAN ANDRES SOTAVENTO",$P$23,IF(A13="SAN ANTERO",$P$24,IF(A13="SAN BERNARDO DEL VIENTO",$P$25,IF(A13="SAN CARLOS",$P$26,IF(A13="SAN JOSE DE URE",$P$27,IF(A13="SAN PELAYO",$P$28,IF(A13="TIERRALTA",$P$29,IF(A13="TUCHIN",$P$30,IF(A13="VALENCIA",$P$31))))))))))))))))))))))))))))))) -> FALSE | E13: =(IF(A13="MONTERIA",$Q$2,IF(A13="AYAPEL",$Q$3,IF(A13="BUENAVISTA",$Q$4,IF(A13="CANALETE",$Q$5,IF(A13="CERETE",$Q$6,IF(A13="CHIMA",$Q$7,IF(A13="CHINU",$Q$8,IF(A13="CIENAGA DE ORO",$Q$9,IF(A13="COTORRA",$Q$10,IF(A13="LA APARTADA",$Q$11,IF(A13="LORICA",$Q$12,IF(A13="LOS CORDOBAS",$Q$13,IF(A13="MOMIL",$Q$14,IF(A13="MONTELIBANO",$Q$15,IF(A13="MOÑITOS",$Q$16,IF(A13="PLANETA RICA",$Q$17,IF(A13="PUEBLO NUEVO",$Q$18,IF(A13="PUERTO ESCONDIDO",$Q$19,IF(A13="PUERTO LIBERTADOR",$Q$20,IF(A13="PURISIMA",$Q$21,IF(A13="SAHAGUN",$Q$22,IF(A13="SAN ANDRES SOTAVENTO",$Q$23,IF(A13="SAN ANTERO",$Q$24,IF(A13="SAN BERNARDO DEL VIENTO",$Q$25,IF(A13="SAN CARLOS",$Q$26,IF(A13="SAN JOSE DE URE",$Q$27,IF(A13="SAN PELAYO",$Q$28,IF(A13="TIERRALTA",$Q$29,IF(A13="TUCHIN",$Q$30,IF(A13="VALENCIA",$Q$31))))))))))))))))))))))))))))))) -> FALSE | F13: =IFERROR(B13/C13*$H$34,"0") -> 0 | G13: =IFERROR(B13/D13*$H$34,"0") -> 0 | H13: =IFERROR(B13/E13*$H$34,"0") -> 0 | N13: LOS CORDOBAS | O13: =IF($J$2=2022,POBLACIÓN!F17,POBLACIÓN!G17) -> 19607 | P13: =IF($J$2=2022,POBLACIÓN!I17,POBLACIÓN!J17) -> 3776 | Q13: =IF($J$2=2022,POBLACIÓN!L17,POBLACIÓN!M17) -> 15831
C14: =(IF(A14="MONTERIA",$O$2,IF(A14="AYAPEL",$O$3,IF(A14="BUENAVISTA",$O$4,IF(A14="CANALETE",$O$5,IF(A14="CERETE",$O$6,IF(A14="CHIMA",$O$7,IF(A14="CHINU",$O$8,IF(A14="CIENAGA DE ORO",$O$9,IF(A14="COTORRA",$O$10,IF(A14="LA APARTADA",$O$11,IF(A14="LORICA",$O$12,IF(A14="LOS CORDOBAS",$O$13,IF(A14="MOMIL",$O$14,IF(A14="MONTELIBANO",$O$15,IF(A14="MOÑITOS",$O$16,IF(A14="PLANETA RICA",$O$17,IF(A14="PUEBLO NUEVO",$O$18,IF(A14="PUERTO ESCONDIDO",$O$19,IF(A14="PUERTO LIBERTADOR",$O$20,IF(A14="PURISIMA",$O$21,IF(A14="SAHAGUN",$O$22,IF(A14="SAN ANDRES SOTAVENTO",$O$23,IF(A14="SAN ANTERO",$O$24,IF(A14="SAN BERNARDO DEL VIENTO",$O$25,IF(A14="SAN CARLOS",$O$26,IF(A14="SAN JOSE DE URE",$O$27,IF(A14="SAN PELAYO",$O$28,IF(A14="TIERRALTA",$O$29,IF(A14="TUCHIN",$O$30,IF(A14="VALENCIA",$O$31))))))))))))))))))))))))))))))) -> FALSE | D14: =(IF(A14="MONTERIA",$P$2,IF(A14="AYAPEL",$P$3,IF(A14="BUENAVISTA",$P$4,IF(A14="CANALETE",$P$5,IF(A14="CERETE",$P$6,IF(A14="CHIMA",$P$7,IF(A14="CHINU",$P$8,IF(A14="CIENAGA DE ORO",$P$9,IF(A14="COTORRA",$P$10,IF(A14="LA APARTADA",$P$11,IF(A14="LORICA",$P$12,IF(A14="LOS CORDOBAS",$P$13,IF(A14="MOMIL",$P$14,IF(A14="MONTELIBANO",$P$15,IF(A14="MOÑITOS",$P$16,IF(A14="PLANETA RICA",$P$17,IF(A14="PUEBLO NUEVO",$P$18,IF(A14="PUERTO ESCONDIDO",$P$19,IF(A14="PUERTO LIBERTADOR",$P$20,IF(A14="PURISIMA",$P$21,IF(A14="SAHAGUN",$P$22,IF(A14="SAN ANDRES SOTAVENTO",$P$23,IF(A14="SAN ANTERO",$P$24,IF(A14="SAN BERNARDO DEL VIENTO",$P$25,IF(A14="SAN CARLOS",$P$26,IF(A14="SAN JOSE DE URE",$P$27,IF(A14="SAN PELAYO",$P$28,IF(A14="TIERRALTA",$P$29,IF(A14="TUCHIN",$P$30,IF(A14="VALENCIA",$P$31))))))))))))))))))))))))))))))) -> FALSE | E14: =(IF(A14="MONTERIA",$Q$2,IF(A14="AYAPEL",$Q$3,IF(A14="BUENAVISTA",$Q$4,IF(A14="CANALETE",$Q$5,IF(A14="CERETE",$Q$6,IF(A14="CHIMA",$Q$7,IF(A14="CHINU",$Q$8,IF(A14="CIENAGA DE ORO",$Q$9,IF(A14="COTORRA",$Q$10,IF(A14="LA APARTADA",$Q$11,IF(A14="LORICA",$Q$12,IF(A14="LOS CORDOBAS",$Q$13,IF(A14="MOMIL",$Q$14,IF(A14="MONTELIBANO",$Q$15,IF(A14="MOÑITOS",$Q$16,IF(A14="PLANETA RICA",$Q$17,IF(A14="PUEBLO NUEVO",$Q$18,IF(A14="PUERTO ESCONDIDO",$Q$19,IF(A14="PUERTO LIBERTADOR",$Q$20,IF(A14="PURISIMA",$Q$21,IF(A14="SAHAGUN",$Q$22,IF(A14="SAN ANDRES SOTAVENTO",$Q$23,IF(A14="SAN ANTERO",$Q$24,IF(A14="SAN BERNARDO DEL VIENTO",$Q$25,IF(A14="SAN CARLOS",$Q$26,IF(A14="SAN JOSE DE URE",$Q$27,IF(A14="SAN PELAYO",$Q$28,IF(A14="TIERRALTA",$Q$29,IF(A14="TUCHIN",$Q$30,IF(A14="VALENCIA",$Q$31))))))))))))))))))))))))))))))) -> FALSE | F14: =IFERROR(B14/C14*$H$34,"0") -> 0 | G14: =IFERROR(B14/D14*$H$34,"0") -> 0 | H14: =IFERROR(B14/E14*$H$34,"0") -> 0 | N14: MOMIL | O14: =IF($J$2=2022,POBLACIÓN!F18,POBLACIÓN!G18) -> 20422 | P14: =IF($J$2=2022,POBLACIÓN!I18,POBLACIÓN!J18) -> 11937 | Q14: =IF($J$2=2022,POBLACIÓN!L18,POBLACIÓN!M18) -> 8485
C15: =(IF(A15="MONTERIA",$O$2,IF(A15="AYAPEL",$O$3,IF(A15="BUENAVISTA",$O$4,IF(A15="CANALETE",$O$5,IF(A15="CERETE",$O$6,IF(A15="CHIMA",$O$7,IF(A15="CHINU",$O$8,IF(A15="CIENAGA DE ORO",$O$9,IF(A15="COTORRA",$O$10,IF(A15="LA APARTADA",$O$11,IF(A15="LORICA",$O$12,IF(A15="LOS CORDOBAS",$O$13,IF(A15="MOMIL",$O$14,IF(A15="MONTELIBANO",$O$15,IF(A15="MOÑITOS",$O$16,IF(A15="PLANETA RICA",$O$17,IF(A15="PUEBLO NUEVO",$O$18,IF(A15="PUERTO ESCONDIDO",$O$19,IF(A15="PUERTO LIBERTADOR",$O$20,IF(A15="PURISIMA",$O$21,IF(A15="SAHAGUN",$O$22,IF(A15="SAN ANDRES SOTAVENTO",$O$23,IF(A15="SAN ANTERO",$O$24,IF(A15="SAN BERNARDO DEL VIENTO",$O$25,IF(A15="SAN CARLOS",$O$26,IF(A15="SAN JOSE DE URE",$O$27,IF(A15="SAN PELAYO",$O$28,IF(A15="TIERRALTA",$O$29,IF(A15="TUCHIN",$O$30,IF(A15="VALENCIA",$O$31))))))))))))))))))))))))))))))) -> FALSE | D15: =(IF(A15="MONTERIA",$P$2,IF(A15="AYAPEL",$P$3,IF(A15="BUENAVISTA",$P$4,IF(A15="CANALETE",$P$5,IF(A15="CERETE",$P$6,IF(A15="CHIMA",$P$7,IF(A15="CHINU",$P$8,IF(A15="CIENAGA DE ORO",$P$9,IF(A15="COTORRA",$P$10,IF(A15="LA APARTADA",$P$11,IF(A15="LORICA",$P$12,IF(A15="LOS CORDOBAS",$P$13,IF(A15="MOMIL",$P$14,IF(A15="MONTELIBANO",$P$15,IF(A15="MOÑITOS",$P$16,IF(A15="PLANETA RICA",$P$17,IF(A15="PUEBLO NUEVO",$P$18,IF(A15="PUERTO ESCONDIDO",$P$19,IF(A15="PUERTO LIBERTADOR",$P$20,IF(A15="PURISIMA",$P$21,IF(A15="SAHAGUN",$P$22,IF(A15="SAN ANDRES SOTAVENTO",$P$23,IF(A15="SAN ANTERO",$P$24,IF(A15="SAN BERNARDO DEL VIENTO",$P$25,IF(A15="SAN CARLOS",$P$26,IF(A15="SAN JOSE DE URE",$P$27,IF(A15="SAN PELAYO",$P$28,IF(A15="TIERRALTA",$P$29,IF(A15="TUCHIN",$P$30,IF(A15="VALENCIA",$P$31))))))))))))))))))))))))))))))) -> FALSE | E15: =(IF(A15="MONTERIA",$Q$2,IF(A15="AYAPEL",$Q$3,IF(A15="BUENAVISTA",$Q$4,IF(A15="CANALETE",$Q$5,IF(A15="CERETE",$Q$6,IF(A15="CHIMA",$Q$7,IF(A15="CHINU",$Q$8,IF(A15="CIENAGA DE ORO",$Q$9,IF(A15="COTORRA",$Q$10,IF(A15="LA APARTADA",$Q$11,IF(A15="LORICA",$Q$12,IF(A15="LOS CORDOBAS",$Q$13,IF(A15="MOMIL",$Q$14,IF(A15="MONTELIBANO",$Q$15,IF(A15="MOÑITOS",$Q$16,IF(A15="PLANETA RICA",$Q$17,IF(A15="PUEBLO NUEVO",$Q$18,IF(A15="PUERTO ESCONDIDO",$Q$19,IF(A15="PUERTO LIBERTADOR",$Q$20,IF(A15="PURISIMA",$Q$21,IF(A15="SAHAGUN",$Q$22,IF(A15="SAN ANDRES SOTAVENTO",$Q$23,IF(A15="SAN ANTERO",$Q$24,IF(A15="SAN BERNARDO DEL VIENTO",$Q$25,IF(A15="SAN CARLOS",$Q$26,IF(A15="SAN JOSE DE URE",$Q$27,IF(A15="SAN PELAYO",$Q$28,IF(A15="TIERRALTA",$Q$29,IF(A15="TUCHIN",$Q$30,IF(A15="VALENCIA",$Q$31))))))))))))))))))))))))))))))) -> FALSE | F15: =IFERROR(B15/C15*$H$34,"0") -> 0 | G15: =IFERROR(B15/D15*$H$34,"0") -> 0 | H15: =IFERROR(B15/E15*$H$34,"0") -> 0 | N15: MONTELIBANO | O15: =IF($J$2=2022,POBLACIÓN!F19,POBLACIÓN!G19) -> 87187 | P15: =IF($J$2=2022,POBLACIÓN!I19,POBLACIÓN!J19) -> 64432 | Q15: =IF($J$2=2022,POBLACIÓN!L19,POBLACIÓN!M19) -> 22755
C16: =(IF(A16="MONTERIA",$O$2,IF(A16="AYAPEL",$O$3,IF(A16="BUENAVISTA",$O$4,IF(A16="CANALETE",$O$5,IF(A16="CERETE",$O$6,IF(A16="CHIMA",$O$7,IF(A16="CHINU",$O$8,IF(A16="CIENAGA DE ORO",$O$9,IF(A16="COTORRA",$O$10,IF(A16="LA APARTADA",$O$11,IF(A16="LORICA",$O$12,IF(A16="LOS CORDOBAS",$O$13,IF(A16="MOMIL",$O$14,IF(A16="MONTELIBANO",$O$15,IF(A16="MOÑITOS",$O$16,IF(A16="PLANETA RICA",$O$17,IF(A16="PUEBLO NUEVO",$O$18,IF(A16="PUERTO ESCONDIDO",$O$19,IF(A16="PUERTO LIBERTADOR",$O$20,IF(A16="PURISIMA",$O$21,IF(A16="SAHAGUN",$O$22,IF(A16="SAN ANDRES SOTAVENTO",$O$23,IF(A16="SAN ANTERO",$O$24,IF(A16="SAN BERNARDO DEL VIENTO",$O$25,IF(A16="SAN CARLOS",$O$26,IF(A16="SAN JOSE DE URE",$O$27,IF(A16="SAN PELAYO",$O$28,IF(A16="TIERRALTA",$O$29,IF(A16="TUCHIN",$O$30,IF(A16="VALENCIA",$O$31))))))))))))))))))))))))))))))) -> FALSE | D16: =(IF(A16="MONTERIA",$P$2,IF(A16="AYAPEL",$P$3,IF(A16="BUENAVISTA",$P$4,IF(A16="CANALETE",$P$5,IF(A16="CERETE",$P$6,IF(A16="CHIMA",$P$7,IF(A16="CHINU",$P$8,IF(A16="CIENAGA DE ORO",$P$9,IF(A16="COTORRA",$P$10,IF(A16="LA APARTADA",$P$11,IF(A16="LORICA",$P$12,IF(A16="LOS CORDOBAS",$P$13,IF(A16="MOMIL",$P$14,IF(A16="MONTELIBANO",$P$15,IF(A16="MOÑITOS",$P$16,IF(A16="PLANETA RICA",$P$17,IF(A16="PUEBLO NUEVO",$P$18,IF(A16="PUERTO ESCONDIDO",$P$19,IF(A16="PUERTO LIBERTADOR",$P$20,IF(A16="PURISIMA",$P$21,IF(A16="SAHAGUN",$P$22,IF(A16="SAN ANDRES SOTAVENTO",$P$23,IF(A16="SAN ANTERO",$P$24,IF(A16="SAN BERNARDO DEL VIENTO",$P$25,IF(A16="SAN CARLOS",$P$26,IF(A16="SAN JOSE DE URE",$P$27,IF(A16="SAN PELAYO",$P$28,IF(A16="TIERRALTA",$P$29,IF(A16="TUCHIN",$P$30,IF(A16="VALENCIA",$P$31))))))))))))))))))))))))))))))) -> FALSE | E16: =(IF(A16="MONTERIA",$Q$2,IF(A16="AYAPEL",$Q$3,IF(A16="BUENAVISTA",$Q$4,IF(A16="CANALETE",$Q$5,IF(A16="CERETE",$Q$6,IF(A16="CHIMA",$Q$7,IF(A16="CHINU",$Q$8,IF(A16="CIENAGA DE ORO",$Q$9,IF(A16="COTORRA",$Q$10,IF(A16="LA APARTADA",$Q$11,IF(A16="LORICA",$Q$12,IF(A16="LOS CORDOBAS",$Q$13,IF(A16="MOMIL",$Q$14,IF(A16="MONTELIBANO",$Q$15,IF(A16="MOÑITOS",$Q$16,IF(A16="PLANETA RICA",$Q$17,IF(A16="PUEBLO NUEVO",$Q$18,IF(A16="PUERTO ESCONDIDO",$Q$19,IF(A16="PUERTO LIBERTADOR",$Q$20,IF(A16="PURISIMA",$Q$21,IF(A16="SAHAGUN",$Q$22,IF(A16="SAN ANDRES SOTAVENTO",$Q$23,IF(A16="SAN ANTERO",$Q$24,IF(A16="SAN BERNARDO DEL VIENTO",$Q$25,IF(A16="SAN CARLOS",$Q$26,IF(A16="SAN JOSE DE URE",$Q$27,IF(A16="SAN PELAYO",$Q$28,IF(A16="TIERRALTA",$Q$29,IF(A16="TUCHIN",$Q$30,IF(A16="VALENCIA",$Q$31))))))))))))))))))))))))))))))) -> FALSE | F16: =IFERROR(B16/C16*$H$34,"0") -> 0 | G16: =IFERROR(B16/D16*$H$34,"0") -> 0 | H16: =IFERROR(B16/E16*$H$34,"0") -> 0 | N16: MOÑITOS | O16: =IF($J$2=2022,POBLACIÓN!F20,POBLACIÓN!G20) -> 31047 | P16: =IF($J$2=2022,POBLACIÓN!I20,POBLACIÓN!J20) -> 6319 | Q16: =IF($J$2=2022,POBLACIÓN!L20,POBLACIÓN!M20) -> 24728
... C31: =(IF(A31="MONTERIA",$O$2,IF(A31="AYAPEL",$O$3,IF(A31="BUENAVISTA",$O$4,IF(A31="CANALETE",$O$5,IF(A31="CERETE",$O$6,IF(A31="CHIMA",$O$7,IF(A31="CHINU",$O$8,IF(A31="CIENAGA DE ORO",$O$9,IF(A31="COTORRA",$O$10,IF(A31="LA APARTADA",$O$11,IF(A31="LORICA",$O$12,IF(A31="LOS CORDOBAS",$O$13,IF(A31="MOMIL",$O$14,IF(A31="MONTELIBANO",$O$15,IF(A31="MOÑITOS",$O$16,IF(A31="PLANETA RICA",$O$17,IF(A31="PUEBLO NUEVO",$O$18,IF(A31="PUERTO ESCONDIDO",$O$19,IF(A31="PUERTO LIBERTADOR",$O$20,IF(A31="PURISIMA",$O$21,IF(A31="SAHAGUN",$O$22,IF(A31="SAN ANDRES SOTAVENTO",$O$23,IF(A31="SAN ANTERO",$O$24,IF(A31="SAN BERNARDO DEL VIENTO",$O$25,IF(A31="SAN CARLOS",$O$26,IF(A31="SAN JOSE DE URE",$O$27,IF(A31="SAN PELAYO",$O$28,IF(A31="TIERRALTA",$O$29,IF(A31="TUCHIN",$O$30,IF(A31="VALENCIA",$O$31))))))))))))))))))))))))))))))) -> FALSE | D31: =(IF(A31="MONTERIA",$P$2,IF(A31="AYAPEL",$P$3,IF(A31="BUENAVISTA",$P$4,IF(A31="CANALETE",$P$5,IF(A31="CERETE",$P$6,IF(A31="CHIMA",$P$7,IF(A31="CHINU",$P$8,IF(A31="CIENAGA DE ORO",$P$9,IF(A31="COTORRA",$P$10,IF(A31="LA APARTADA",$P$11,IF(A31="LORICA",$P$12,IF(A31="LOS CORDOBAS",$P$13,IF(A31="MOMIL",$P$14,IF(A31="MONTELIBANO",$P$15,IF(A31="MOÑITOS",$P$16,IF(A31="PLANETA RICA",$P$17,IF(A31="PUEBLO NUEVO",$P$18,IF(A31="PUERTO ESCONDIDO",$P$19,IF(A31="PUERTO LIBERTADOR",$P$20,IF(A31="PURISIMA",$P$21,IF(A31="SAHAGUN",$P$22,IF(A31="SAN ANDRES SOTAVENTO",$P$23,IF(A31="SAN ANTERO",$P$24,IF(A31="SAN BERNARDO DEL VIENTO",$P$25,IF(A31="SAN CARLOS",$P$26,IF(A31="SAN JOSE DE URE",$P$27,IF(A31="SAN PELAYO",$P$28,IF(A31="TIERRALTA",$P$29,IF(A31="TUCHIN",$P$30,IF(A31="VALENCIA",$P$31))))))))))))))))))))))))))))))) -> FALSE | E31: =(IF(A31="MONTERIA",$Q$2,IF(A31="AYAPEL",$Q$3,IF(A31="BUENAVISTA",$Q$4,IF(A31="CANALETE",$Q$5,IF(A31="CERETE",$Q$6,IF(A31="CHIMA",$Q$7,IF(A31="CHINU",$Q$8,IF(A31="CIENAGA DE ORO",$Q$9,IF(A31="COTORRA",$Q$10,IF(A31="LA APARTADA",$Q$11,IF(A31="LORICA",$Q$12,IF(A31="LOS CORDOBAS",$Q$13,IF(A31="MOMIL",$Q$14,IF(A31="MONTELIBANO",$Q$15,IF(A31="MOÑITOS",$Q$16,IF(A31="PLANETA RICA",$Q$17,IF(A31="PUEBLO NUEVO",$Q$18,IF(A31="PUERTO ESCONDIDO",$Q$19,IF(A31="PUERTO LIBERTADOR",$Q$20,IF(A31="PURISIMA",$Q$21,IF(A31="SAHAGUN",$Q$22,IF(A31="SAN ANDRES SOTAVENTO",$Q$23,IF(A31="SAN ANTERO",$Q$24,IF(A31="SAN BERNARDO DEL VIENTO",$Q$25,IF(A31="SAN CARLOS",$Q$26,IF(A31="SAN JOSE DE URE",$Q$27,IF(A31="SAN PELAYO",$Q$28,IF(A31="TIERRALTA",$Q$29,IF(A31="TUCHIN",$Q$30,IF(A31="VALENCIA",$Q$31))))))))))))))))))))))))))))))) -> FALSE | F31: =IFERROR(B31/C31*$H$34,"0") -> 0 | G31: =IFERROR(B31/D31*$H$34,"0") -> 0 | H31: =IFERROR(B31/E31*$H$34,"0") -> 0 | N31: VALENCIA | O31: =IF($J$2=2022,POBLACIÓN!F35,POBLACIÓN!G35) -> 36886 | P31: =IF($J$2=2022,POBLACIÓN!I35,POBLACIÓN!J35) -> 16791 | Q31: =IF($J$2=2022,POBLACIÓN!L35,POBLACIÓN!M35) -> 20095
A32: CÓRDOBA | B32: =SUM(B2:B31) -> 0 | C32: =SUM(C2:C31) -> 0 | D32: =SUM(D2:D31) -> 0 | E32: =SUM(E2:E31) -> 0 | F32: =IFERROR(B32/C32*$H$34,"0") -> 0 | G32: =IFERROR(B32/D32*$H$34,"0") -> 0 | H32: =IFERROR(B32/E32*$H$34,"0") -> 0 | N32: TOTAL | O32: =SUM(O2:O31) -> 1856496 | P32: =SUM(P2:P31) -> 957804 | Q32: =SUM(Q2:Q31) -> 898692
A34: COEFICIENTE DE MULTIPLICACIÓN | H34: 100000

Sheet INCIDENCIA < DE 18 AÑOS
A1: MUNICIPIO | B1: CASOS | C1: POBLACIÓN TOTAL | D1: INCIDENCIA ACUMULADA TOTAL | E1: MUNICIPIO | F1: POB. TOTAL | H1: AÑO | K1: 2022 | L1: 100
A2: MONTERIA | B2: 32 | C2: =(IF(A2="MONTERIA",$F$2,IF(A2="AYAPEL",$F$3,IF(A2="BUENAVISTA",$F$4,IF(A2="CANALETE",$F$5,IF(A2="CERETE",$F$6,IF(A2="CHIMA",$F$7,IF(A2="CHINU",$F$8,IF(A2="CIENAGA DE ORO",$F$9,IF(A2="COTORRA",$F$10,IF(A2="LA APARTADA",$F$11,IF(A2="LORICA",$F$12,IF(A2="LOS CORDOBAS",$F$13,IF(A2="MOMIL",$F$14,IF(A2="MONTELIBANO",$F$15,IF(A2="MOÑITOS",$F$16,IF(A2="PLANETA RICA",$F$17,IF(A2="PUEBLO NUEVO",$F$18,IF(A2="PUERTO ESCONDIDO",$F$19,IF(A2="PUERTO LIBERTADOR",$F$20,IF(A2="PURISIMA",$F$21,IF(A2="SAHAGUN",$F$22,IF(A2="SAN ANDRES",$F$23,IF(A2="SAN ANTERO",$F$24,IF(A2="SAN BERNARDO",$F$25,IF(A2="SAN CARLOS",$F$26,IF(A2="SAN JOSE DE URE",$F$27,IF(A2="SAN PELAYO",$F$28,IF(A2="TIERRALTA",$F$29,IF(A2="TUCHIN",$F$30,IF(A2="VALENCIA",$F$31))))))))))))))))))))))))))))))) -> 147567 | D2: =IFERROR(B2/C2*$F$34,"0") -> 21.685065 | E2: MONTERIA | F2: =IF($H$2=2022,'POBLACIÓN <18 AÑOS'!E6,'POBLACIÓN <18 AÑOS'!F6) -> 147567 | H2: 2022 | K2: 2023 | L2: 1000
A3: AYAPEL | B3: 14 | C3: =(IF(A3="MONTERIA",$F$2,IF(A3="AYAPEL",$F$3,IF(A3="BUENAVISTA",$F$4,IF(A3="CANALETE",$F$5,IF(A3="CERETE",$F$6,IF(A3="CHIMA",$F$7,IF(A3="CHINU",$F$8,IF(A3="CIENAGA DE ORO",$F$9,IF(A3="COTORRA",$F$10,IF(A3="LA APARTADA",$F$11,IF(A3="LORICA",$F$12,IF(A3="LOS CORDOBAS",$F$13,IF(A3="MOMIL",$F$14,IF(A3="MONTELIBANO",$F$15,IF(A3="MOÑITOS",$F$16,IF(A3="PLANETA RICA",$F$17,IF(A3="PUEBLO NUEVO",$F$18,IF(A3="PUERTO ESCONDIDO",$F$19,IF(A3="PUERTO LIBERTADOR",$F$20,IF(A3="PURISIMA",$F$21,IF(A3="SAHAGUN",$F$22,IF(A3="SAN ANDRES",$F$23,IF(A3="SAN ANTERO",$F$24,IF(A3="SAN BERNARDO",$F$25,IF(A3="SAN CARLOS",$F$26,IF(A3="SAN JOSE DE URE",$F$27,IF(A3="SAN PELAYO",$F$28,IF(A3="TIERRALTA",$F$29,IF(A3="TUCHIN",$F$30,IF(A3="VALENCIA",$F$31))))))))))))))))))))))))))))))) -> 17257 | D3: =IFERROR(B3/C3*$F$34,"0") -> 81.126499 | E3: AYAPEL | F3: =IF($H$2=2022,'POBLACIÓN <18 AÑOS'!E7,'POBLACIÓN <18 AÑOS'!F7) -> 17257 | L3: 10000
A4: BUENAVISTA | B4: 17 | C4: =(IF(A4="MONTERIA",$F$2,IF(A4="AYAPEL",$F$3,IF(A4="BUENAVISTA",$F$4,IF(A4="CANALETE",$F$5,IF(A4="CERETE",$F$6,IF(A4="CHIMA",$F$7,IF(A4="CHINU",$F$8,IF(A4="CIENAGA DE ORO",$F$9,IF(A4="COTORRA",$F$10,IF(A4="LA APARTADA",$F$11,IF(A4="LORICA",$F$12,IF(A4="LOS CORDOBAS",$F$13,IF(A4="MOMIL",$F$14,IF(A4="MONTELIBANO",$F$15,IF(A4="MOÑITOS",$F$16,IF(A4="PLANETA RICA",$F$17,IF(A4="PUEBLO NUEVO",$F$18,IF(A4="PUERTO ESCONDIDO",$F$19,IF(A4="PUERTO LIBERTADOR",$F$20,IF(A4="PURISIMA",$F$21,IF(A4="SAHAGUN",$F$22,IF(A4="SAN ANDRES",$F$23,IF(A4="SAN ANTERO",$F$24,IF(A4="SAN BERNARDO",$F$25,IF(A4="SAN CARLOS",$F$26,IF(A4="SAN JOSE DE URE",$F$27,IF(A4="SAN PELAYO",$F$28,IF(A4="TIERRALTA",$F$29,IF(A4="TUCHIN",$F$30,IF(A4="VALENCIA",$F$31))))))))))))))))))))))))))))))) -> 7457 | D4: =IFERROR(B4/C4*$F$34,"0") -> 227.97372 | E4: BUENAVISTA | F4: =IF($H$2=2022,'POBLACIÓN <18 AÑOS'!E8,'POBLACIÓN <18 AÑOS'!F8) -> 7457 | L4: 100000
A5: CANALETE | B5: 33 | C5: =(IF(A5="MONTERIA",$F$2,IF(A5="AYAPEL",$F$3,IF(A5="BUENAVISTA",$F$4,IF(A5="CANALETE",$F$5,IF(A5="CERETE",$F$6,IF(A5="CHIMA",$F$7,IF(A5="CHINU",$F$8,IF(A5="CIENAGA DE ORO",$F$9,IF(A5="COTORRA",$F$10,IF(A5="LA APARTADA",$F$11,IF(A5="LORICA",$F$12,IF(A5="LOS CORDOBAS",$F$13,IF(A5="MOMIL",$F$14,IF(A5="MONTELIBANO",$F$15,IF(A5="MOÑITOS",$F$16,IF(A5="PLANETA RICA",$F$17,IF(A5="PUEBLO NUEVO",$F$18,IF(A5="PUERTO ESCONDIDO",$F$19,IF(A5="PUERTO LIBERTADOR",$F$20,IF(A5="PURISIMA",$F$21,IF(A5="SAHAGUN",$F$22,IF(A5="SAN ANDRES",$F$23,IF(A5="SAN ANTERO",$F$24,IF(A5="SAN BERNARDO",$F$25,IF(A5="SAN CARLOS",$F$26,IF(A5="SAN JOSE DE URE",$F$27,IF(A5="SAN PELAYO",$F$28,IF(A5="TIERRALTA",$F$29,IF(A5="TUCHIN",$F$30,IF(A5="VALENCIA",$F$31))))))))))))))))))))))))))))))) -> 5408 | D5: =IFERROR(B5/C5*$F$34,"0") -> 610.2071 | E5: CANALETE | F5: =IF($H$2=2022,'POBLACIÓN <18 AÑOS'!E9,'POBLACIÓN <18 AÑOS'!F9) -> 5408
A6: CERETE | B6: 22 | C6: =(IF(A6="MONTERIA",$F$2,IF(A6="AYAPEL",$F$3,IF(A6="BUENAVISTA",$F$4,IF(A6="CANALETE",$F$5,IF(A6="CERETE",$F$6,IF(A6="CHIMA",$F$7,IF(A6="CHINU",$F$8,IF(A6="CIENAGA DE ORO",$F$9,IF(A6="COTORRA",$F$10,IF(A6="LA APARTADA",$F$11,IF(A6="LORICA",$F$12,IF(A6="LOS CORDOBAS",$F$13,IF(A6="MOMIL",$F$14,IF(A6="MONTELIBANO",$F$15,IF(A6="MOÑITOS",$F$16,IF(A6="PLANETA RICA",$F$17,IF(A6="PUEBLO NUEVO",$F$18,IF(A6="PUERTO ESCONDIDO",$F$19,IF(A6="PUERTO LIBERTADOR",$F$20,IF(A6="PURISIMA",$F$21,IF(A6="SAHAGUN",$F$22,IF(A6="SAN ANDRES",$F$23,IF(A6="SAN ANTERO",$F$24,IF(A6="SAN BERNARDO",$F$25,IF(A6="SAN CARLOS",$F$26,IF(A6="SAN JOSE DE URE",$F$27,IF(A6="SAN PELAYO",$F$28,IF(A6="TIERRALTA",$F$29,IF(A6="TUCHIN",$F$30,IF(A6="VALENCIA",$F$31))))))))))))))))))))))))))))))) -> 30236 | D6: =IFERROR(B6/C6*$F$34,"0") -> 72.760947 | E6: CERETE | F6: =IF($H$2=2022,'POBLACIÓN <18 AÑOS'!E10,'POBLACIÓN <18 AÑOS'!F10) -> 30236
A7: CHIMA | B7: =IF($H$2=2022,'POBLACIÓN <18 AÑOS'!A11,'POBLACIÓN <18 AÑOS'!B11) -> 23 | C7: =(IF(A7="MONTERIA",$F$2,IF(A7="AYAPEL",$F$3,IF(A7="BUENAVISTA",$F$4,IF(A7="CANALETE",$F$5,IF(A7="CERETE",$F$6,IF(A7="CHIMA",$F$7,IF(A7="CHINU",$F$8,IF(A7="CIENAGA DE ORO",$F$9,IF(A7="COTORRA",$F$10,IF(A7="LA APARTADA",$F$11,IF(A7="LORICA",$F$12,IF(A7="LOS CORDOBAS",$F$13,IF(A7="MOMIL",$F$14,IF(A7="MONTELIBANO",$F$15,IF(A7="MOÑITOS",$F$16,IF(A7="PLANETA RICA",$F$17,IF(A7="PUEBLO NUEVO",$F$18,IF(A7="PUERTO ESCONDIDO",$F$19,IF(A7="PUERTO LIBERTADOR",$F$20,IF(A7="PURISIMA",$F$21,IF(A7="SAHAGUN",$F$22,IF(A7="SAN ANDRES",$F$23,IF(A7="SAN ANTERO",$F$24,IF(A7="SAN BERNARDO",$F$25,IF(A7="SAN CARLOS",$F$26,IF(A7="SAN JOSE DE URE",$F$27,IF(A7="SAN PELAYO",$F$28,IF(A7="TIERRALTA",$F$29,IF(A7="TUCHIN",$F$30,IF(A7="VALENCIA",$F$31))))))))))))))))))))))))))))))) -> 5097 | D7: =IFERROR(B7/C7*$F$34,"0") -> 451.24583 | E7: CHIMA | F7: =IF($H$2=2022,'POBLACIÓN <18 AÑOS'!E11,'POBLACIÓN <18 AÑOS'!F11) -> 5097
A8: CHINU | B8: =IF($H$2=2022,'POBLACIÓN <18 AÑOS'!A12,'POBLACIÓN <18 AÑOS'!B12) -> 23 | C8: =(IF(A8="MONTERIA",$F$2,IF(A8="AYAPEL",$F$3,IF(A8="BUENAVISTA",$F$4,IF(A8="CANALETE",$F$5,IF(A8="CERETE",$F$6,IF(A8="CHIMA",$F$7,IF(A8="CHINU",$F$8,IF(A8="CIENAGA DE ORO",$F$9,IF(A8="COTORRA",$F$10,IF(A8="LA APARTADA",$F$11,IF(A8="LORICA",$F$12,IF(A8="LOS CORDOBAS",$F$13,IF(A8="MOMIL",$F$14,IF(A8="MONTELIBANO",$F$15,IF(A8="MOÑITOS",$F$16,IF(A8="PLANETA RICA",$F$17,IF(A8="PUEBLO NUEVO",$F$18,IF(A8="PUERTO ESCONDIDO",$F$19,IF(A8="PUERTO LIBERTADOR",$F$20,IF(A8="PURISIMA",$F$21,IF(A8="SAHAGUN",$F$22,IF(A8="SAN ANDRES",$F$23,IF(A8="SAN ANTERO",$F$24,IF(A8="SAN BERNARDO",$F$25,IF(A8="SAN CARLOS",$F$26,IF(A8="SAN JOSE DE URE",$F$27,IF(A8="SAN PELAYO",$F$28,IF(A8="TIERRALTA",$F$29,IF(A8="TUCHIN",$F$30,IF(A8="VALENCIA",$F$31))))))))))))))))))))))))))))))) -> 13474 | D8: =IFERROR(B8/C8*$F$34,"0") -> 170.69912 | E8: CHINU | F8: =IF($H$2=2022,'POBLACIÓN <18 AÑOS'!E12,'POBLACIÓN <18 AÑOS'!F12) -> 13474
A9: CIENAGA DE ORO | B9: =IF($H$2=2022,'POBLACIÓN <18 AÑOS'!A13,'POBLACIÓN <18 AÑOS'!B13) -> 23 | C9: =(IF(A9="MONTERIA",$F$2,IF(A9="AYAPEL",$F$3,IF(A9="BUENAVISTA",$F$4,IF(A9="CANALETE",$F$5,IF(A9="CERETE",$F$6,IF(A9="CHIMA",$F$7,IF(A9="CHINU",$F$8,IF(A9="CIENAGA DE ORO",$F$9,IF(A9="COTORRA",$F$10,IF(A9="LA APARTADA",$F$11,IF(A9="LORICA",$F$12,IF(A9="LOS CORDOBAS",$F$13,IF(A9="MOMIL",$F$14,IF(A9="MONTELIBANO",$F$15,IF(A9="MOÑITOS",$F$16,IF(A9="PLANETA RICA",$F$17,IF(A9="PUEBLO NUEVO",$F$18,IF(A9="PUERTO ESCONDIDO",$F$19,IF(A9="PUERTO LIBERTADOR",$F$20,IF(A9="PURISIMA",$F$21,IF(A9="SAHAGUN",$F$22,IF(A9="SAN ANDRES",$F$23,IF(A9="SAN ANTERO",$F$24,IF(A9="SAN BERNARDO",$F$25,IF(A9="SAN CARLOS",$F$26,IF(A9="SAN JOSE DE URE",$F$27,IF(A9="SAN PELAYO",$F$28,IF(A9="TIERRALTA",$F$29,IF(A9="TUCHIN",$F$30,IF(A9="VALENCIA",$F$31))))))))))))))))))))))))))))))) -> 18082 | D9: =IFERROR(B9/C9*$F$34,"0") -> 127.19832 | E9: CIENAGA DE ORO | F9: =IF($H$2=2022,'POBLACIÓN <18 AÑOS'!E13,'POBLACIÓN <18 AÑOS'!F13) -> 18082
A10: COTORRA | B10: =IF($H$2=2022,'POBLACIÓN <18 AÑOS'!A14,'POBLACIÓN <18 AÑOS'!B14) -> 23 | C10: =(IF(A10="MONTERIA",$F$2,IF(A10="AYAPEL",$F$3,IF(A10="BUENAVISTA",$F$4,IF(A10="CANALETE",$F$5,IF(A10="CERETE",$F$6,IF(A10="CHIMA",$F$7,IF(A10="CHINU",$F$8,IF(A10="CIENAGA DE ORO",$F$9,IF(A10="COTORRA",$F$10,IF(A10="LA APARTADA",$F$11,IF(A10="LORICA",$F$12,IF(A10="LOS CORDOBAS",$F$13,IF(A10="MOMIL",$F$14,IF(A10="MONTELIBANO",$F$15,IF(A10="MOÑITOS",$F$16,IF(A10="PLANETA RICA",$F$17,IF(A10="PUEBLO NUEVO",$F$18,IF(A10="PUERTO ESCONDIDO",$F$19,IF(A10="PUERTO LIBERTADOR",$F$20,IF(A10="PURISIMA",$F$21,IF(A10="SAHAGUN",$F$22,IF(A10="SAN ANDRES",$F$23,IF(A10="SAN ANTERO",$F$24,IF(A10="SAN BERNARDO",$F$25,IF(A10="SAN CARLOS",$F$26,IF(A10="SAN JOSE DE URE",$F$27,IF(A10="SAN PELAYO",$F$28,IF(A10="TIERRALTA",$F$29,IF(A10="TUCHIN",$F$30,IF(A10="VALENCIA",$F$31))))))))))))))))))))))))))))))) -> 5573 | D10: =IFERROR(B10/C10*$F$34,"0") -> 412.70411 | E10: COTORRA | F10: =IF($H$2=2022,'POBLACIÓN <18 AÑOS'!E14,'POBLACIÓN <18 AÑOS'!F14) -> 5573
A11: LA APARTADA | B11: =IF($H$2=2022,'POBLACIÓN <18 AÑOS'!A15,'POBLACIÓN <18 AÑOS'!B15) -> 23 | C11: =(IF(A11="MONTERIA",$F$2,IF(A11="AYAPEL",$F$3,IF(A11="BUENAVISTA",$F$4,IF(A11="CANALETE",$F$5,IF(A11="CERETE",$F$6,IF(A11="CHIMA",$F$7,IF(A11="CHINU",$F$8,IF(A11="CIENAGA DE ORO",$F$9,IF(A11="COTORRA",$F$10,IF(A11="LA APARTADA",$F$11,IF(A11="LORICA",$F$12,IF(A11="LOS CORDOBAS",$F$13,IF(A11="MOMIL",$F$14,IF(A11="MONTELIBANO",$F$15,IF(A11="MOÑITOS",$F$16,IF(A11="PLANETA RICA",$F$17,IF(A11="PUEBLO NUEVO",$F$18,IF(A11="PUERTO ESCONDIDO",$F$19,IF(A11="PUERTO LIBERTADOR",$F$20,IF(A11="PURISIMA",$F$21,IF(A11="SAHAGUN",$F$22,IF(A11="SAN ANDRES",$F$23,IF(A11="SAN ANTERO",$F$24,IF(A11="SAN BERNARDO",$F$25,IF(A11="SAN CARLOS",$F$26,IF(A11="SAN JOSE DE URE",$F$27,IF(A11="SAN PELAYO",$F$28,IF(A11="TIERRALTA",$F$29,IF(A11="TUCHIN",$F$30,IF(A11="VALENCIA",$F$31))))))))))))))))))))))))))))))) -> 5117 | D11: =IFERROR(B11/C11*$F$34,"0") -> 449.48212 | E11: LA APARTADA | F11: =IF($H$2=2022,'POBLACIÓN <18 AÑOS'!E15,'POBLACIÓN <18 AÑOS'!F15) -> 5117
A12: LORICA | B12: =IF($H$2=2022,'POBLACIÓN <18 AÑOS'!A16,'POBLACIÓN <18 AÑOS'!B16) -> 23 | C12: =(IF(A12="MONTERIA",$F$2,IF(A12="AYAPEL",$F$3,IF(A12="BUENAVISTA",$F$4,IF(A12="CANALETE",$F$5,IF(A12="CERETE",$F$6,IF(A12="CHIMA",$F$7,IF(A12="CHINU",$F$8,IF(A12="CIENAGA DE ORO",$F$9,IF(A12="COTORRA",$F$10,IF(A12="LA APARTADA",$F$11,IF(A12="LORICA",$F$12,IF(A12="LOS CORDOBAS",$F$13,IF(A12="MOMIL",$F$14,IF(A12="MONTELIBANO",$F$15,IF(A12="MOÑITOS",$F$16,IF(A12="PLANETA RICA",$F$17,IF(A12="PUEBLO NUEVO",$F$18,IF(A12="PUERTO ESCONDIDO",$F$19,IF(A12="PUERTO LIBERTADOR",$F$20,IF(A12="PURISIMA",$F$21,IF(A12="SAHAGUN",$F$22,IF(A12="SAN ANDRES",$F$23,IF(A12="SAN ANTERO",$F$24,IF(A12="SAN BERNARDO",$F$25,IF(A12="SAN CARLOS",$F$26,IF(A12="SAN JOSE DE URE",$F$27,IF(A12="SAN PELAYO",$F$28,IF(A12="TIERRALTA",$F$29,IF(A12="TUCHIN",$F$30,IF(A12="VALENCIA",$F$31))))))))))))))))))))))))))))))) -> 34689 | D12: =IFERROR(B12/C12*$F$34,"0") -> 66.303439 | E12: LORICA | F12: =IF($H$2=2022,'POBLACIÓN <18 AÑOS'!E16,'POBLACIÓN <18 AÑOS'!F16) -> 34689
A13: LOS CORDOBAS | B13: =IF($H$2=2022,'POBLACIÓN <18 AÑOS'!A17,'POBLACIÓN <18 AÑOS'!B17) -> 23 | C13: =(IF(A13="MONTERIA",$F$2,IF(A13="AYAPEL",$F$3,IF(A13="BUENAVISTA",$F$4,IF(A13="CANALETE",$F$5,IF(A13="CERETE",$F$6,IF(A13="CHIMA",$F$7,IF(A13="CHINU",$F$8,IF(A13="CIENAGA DE ORO",$F$9,IF(A13="COTORRA",$F$10,IF(A13="LA APARTADA",$F$11,IF(A13="LORICA",$F$12,IF(A13="LOS CORDOBAS",$F$13,IF(A13="MOMIL",$F$14,IF(A13="MONTELIBANO",$F$15,IF(A13="MOÑITOS",$F$16,IF(A13="PLANETA RICA",$F$17,IF(A13="PUEBLO NUEVO",$F$18,IF(A13="PUERTO ESCONDIDO",$F$19,IF(A13="PUERTO LIBERTADOR",$F$20,IF(A13="PURISIMA",$F$21,IF(A13="SAHAGUN",$F$22,IF(A13="SAN ANDRES",$F$23,IF(A13="SAN ANTERO",$F$24,IF(A13="SAN BERNARDO",$F$25,IF(A13="SAN CARLOS",$F$26,IF(A13="SAN JOSE DE URE",$F$27,IF(A13="SAN PELAYO",$F$28,IF(A13="TIERRALTA",$F$29,IF(A13="TUCHIN",$F$30,IF(A13="VALENCIA",$F$31))))))))))))))))))))))))))))))) -> 6721 | D13: =IFERROR(B13/C13*$F$34,"0") -> 342.21098 | E13: LOS CORDOBAS | F13: =IF($H$2=2022,'POBLACIÓN <18 AÑOS'!E17,'POBLACIÓN <18 AÑOS'!F17) -> 6721
A14: MOMIL | B14: =IF($H$2=2022,'POBLACIÓN <18 AÑOS'!A18,'POBLACIÓN <18 AÑOS'!B18) -> 23 | C14: =(IF(A14="MONTERIA",$F$2,IF(A14="AYAPEL",$F$3,IF(A14="BUENAVISTA",$F$4,IF(A14="CANALETE",$F$5,IF(A14="CERETE",$F$6,IF(A14="CHIMA",$F$7,IF(A14="CHINU",$F$8,IF(A14="CIENAGA DE ORO",$F$9,IF(A14="COTORRA",$F$10,IF(A14="LA APARTADA",$F$11,IF(A14="LORICA",$F$12,IF(A14="LOS CORDOBAS",$F$13,IF(A14="MOMIL",$F$14,IF(A14="MONTELIBANO",$F$15,IF(A14="MOÑITOS",$F$16,IF(A14="PLANETA RICA",$F$17,IF(A14="PUEBLO NUEVO",$F$18,IF(A14="PUERTO ESCONDIDO",$F$19,IF(A14="PUERTO LIBERTADOR",$F$20,IF(A14="PURISIMA",$F$21,IF(A14="SAHAGUN",$F$22,IF(A14="SAN ANDRES",$F$23,IF(A14="SAN ANTERO",$F$24,IF(A14="SAN BERNARDO",$F$25,IF(A14="SAN CARLOS",$F$26,IF(A14="SAN JOSE DE URE",$F$27,IF(A14="SAN PELAYO",$F$28,IF(A14="TIERRALTA",$F$29,IF(A14="TUCHIN",$F$30,IF(A14="VALENCIA",$F$31))))))))))))))))))))))))))))))) -> 5988 | D14: =IFERROR(B14/C14*$F$34,"0") -> 384.10154 | E14: MOMIL | F14: =IF($H$2=2022,'POBLACIÓN <18 AÑOS'!E18,'POBLACIÓN <18 AÑOS'!F18) -> 5988
A15: MONTELIBANO | B15: =IF($H$2=2022,'POBLACIÓN <18 AÑOS'!A19,'POBLACIÓN <18 AÑOS'!B19) -> 23 | C15: =(IF(A15="MONTERIA",$F$2,IF(A15="AYAPEL",$F$3,IF(A15="BUENAVISTA",$F$4,IF(A15="CANALETE",$F$5,IF(A15="CERETE",$F$6,IF(A15="CHIMA",$F$7,IF(A15="CHINU",$F$8,IF(A15="CIENAGA DE ORO",$F$9,IF(A15="COTORRA",$F$10,IF(A15="LA APARTADA",$F$11,IF(A15="LORICA",$F$12,IF(A15="LOS CORDOBAS",$F$13,IF(A15="MOMIL",$F$14,IF(A15="MONTELIBANO",$F$15,IF(A15="MOÑITOS",$F$16,IF(A15="PLANETA RICA",$F$17,IF(A15="PUEBLO NUEVO",$F$18,IF(A15="PUERTO ESCONDIDO",$F$19,IF(A15="PUERTO LIBERTADOR",$F$20,IF(A15="PURISIMA",$F$21,IF(A15="SAHAGUN",$F$22,IF(A15="SAN ANDRES",$F$23,IF(A15="SAN ANTERO",$F$24,IF(A15="SAN BERNARDO",$F$25,IF(A15="SAN CARLOS",$F$26,IF(A15="SAN JOSE DE URE",$F$27,IF(A15="SAN PELAYO",$F$28,IF(A15="TIERRALTA",$F$29,IF(A15="TUCHIN",$F$30,IF(A15="VALENCIA",$F$31))))))))))))))))))))))))))))))) -> 30209 | D15: =IFERROR(B15/C15*$F$34,"0") -> 76.136251 | E15: MONTELIBANO | F15: =IF($H$2=2022,'POBLACIÓN <18 AÑOS'!E19,'POBLACIÓN <18 AÑOS'!F19) -> 30209
A16: MOÑITOS | B16: =IF($H$2=2022,'POBLACIÓN <18 AÑOS'!A20,'POBLACIÓN <18 AÑOS'!B20) -> 23 | C16: =(IF(A16="MONTERIA",$F$2,IF(A16="AYAPEL",$F$3,IF(A16="BUENAVISTA",$F$4,IF(A16="CANALETE",$F$5,IF(A16="CERETE",$F$6,IF(A16="CHIMA",$F$7,IF(A16="CHINU",$F$8,IF(A16="CIENAGA DE ORO",$F$9,IF(A16="COTORRA",$F$10,IF(A16="LA APARTADA",$F$11,IF(A16="LORICA",$F$12,IF(A16="LOS CORDOBAS",$F$13,IF(A16="MOMIL",$F$14,IF(A16="MONTELIBANO",$F$15,IF(A16="MOÑITOS",$F$16,IF(A16="PLANETA RICA",$F$17,IF(A16="PUEBLO NUEVO",$F$18,IF(A16="PUERTO ESCONDIDO",$F$19,IF(A16="PUERTO LIBERTADOR",$F$20,IF(A16="PURISIMA",$F$21,IF(A16="SAHAGUN",$F$22,IF(A16="SAN ANDRES",$F$23,IF(A16="SAN ANTERO",$F$24,IF(A16="SAN BERNARDO",$F$25,IF(A16="SAN CARLOS",$F$26,IF(A16="SAN JOSE DE URE",$F$27,IF(A16="SAN PELAYO",$F$28,IF(A16="TIERRALTA",$F$29,IF(A16="TUCHIN",$F$30,IF(A16="VALENCIA",$F$31))))))))))))))))))))))))))))))) -> 10880 | D16: =IFERROR(B16/C16*$F$34,"0") -> 211.39706 | E16: MOÑITOS | F16: =IF($H$2=2022,'POBLACIÓN <18 AÑOS'!E20,'POBLACIÓN <18 AÑOS'!F20) -> 10880
A17: PLANETA RICA | B17: =IF($H$2=2022,'POBLACIÓN <18 AÑOS'!A21,'POBLACIÓN <18 AÑOS'!B21) -> 23 | C17: =(IF(A17="MONTERIA",$F$2,IF(A17="AYAPEL",$F$3,IF(A17="BUENAVISTA",$F$4,IF(A17="CANALETE",$F$5,IF(A17="CERETE",$F$6,IF(A17="CHIMA",$F$7,IF(A17="CHINU",$F$8,IF(A17="CIENAGA DE ORO",$F$9,IF(A17="COTORRA",$F$10,IF(A17="LA APARTADA",$F$11,IF(A17="LORICA",$F$12,IF(A17="LOS CORDOBAS",$F$13,IF(A17="MOMIL",$F$14,IF(A17="MONTELIBANO",$F$15,IF(A17="MOÑITOS",$F$16,IF(A17="PLANETA RICA",$F$17,IF(A17="PUEBLO NUEVO",$F$18,IF(A17="PUERTO ESCONDIDO",$F$19,IF(A17="PUERTO LIBERTADOR",$F$20,IF(A17="PURISIMA",$F$21,IF(A17="SAHAGUN",$F$22,IF(A17="SAN ANDRES",$F$23,IF(A17="SAN ANTERO",$F$24,IF(A17="SAN BERNARDO",$F$25,IF(A17="SAN CARLOS",$F$26,IF(A17="SAN JOSE DE URE",$F$27,IF(A17="SAN PELAYO",$F$28,IF(A17="TIERRALTA",$F$29,IF(A17="TUCHIN",$F$30,IF(A17="VALENCIA",$F$31))))))))))))))))))))))))))))))) -> 20384 | D17: =IFERROR(B17/C17*$F$34,"0") -> 112.83359 | E17: PLANETA RICA | F17: =IF($H$2=2022,'POBLACIÓN <18 AÑOS'!E21,'POBLACIÓN <18 AÑOS'!F21) -> 20384
A18: PUEBLO NUEVO | B18: =IF($H$2=2022,'POBLACIÓN <18 AÑOS'!A22,'POBLACIÓN <18 AÑOS'!B22) -> 23 | C18: =(IF(A18="MONTERIA",$F$2,IF(A18="AYAPEL",$F$3,IF(A18="BUENAVISTA",$F$4,IF(A18="CANALETE",$F$5,IF(A18="CERETE",$F$6,IF(A18="CHIMA",$F$7,IF(A18="CHINU",$F$8,IF(A18="CIENAGA DE ORO",$F$9,IF(A18="COTORRA",$F$10,IF(A18="LA APARTADA",$F$11,IF(A18="LORICA",$F$12,IF(A18="LOS CORDOBAS",$F$13,IF(A18="MOMIL",$F$14,IF(A18="MONTELIBANO",$F$15,IF(A18="MOÑITOS",$F$16,IF(A18="PLANETA RICA",$F$17,IF(A18="PUEBLO NUEVO",$F$18,IF(A18="PUERTO ESCONDIDO",$F$19,IF(A18="PUERTO LIBERTADOR",$F$20,IF(A18="PURISIMA",$F$21,IF(A18="SAHAGUN",$F$22,IF(A18="SAN ANDRES",$F$23,IF(A18="SAN ANTERO",$F$24,IF(A18="SAN BERNARDO",$F$25,IF(A18="SAN CARLOS",$F$26,IF(A18="SAN JOSE DE URE",$F$27,IF(A18="SAN PELAYO",$F$28,IF(A18="TIERRALTA",$F$29,IF(A18="TUCHIN",$F$30,IF(A18="VALENCIA",$F$31))))))))))))))))))))))))))))))) -> 12005 | D18: =IFERROR(B18/C18*$F$34,"0") -> 191.58684 | E18: PUEBLO NUEVO | F18: =IF($H$2=2022,'POBLACIÓN <18 AÑOS'!E22,'POBLACIÓN <18 AÑOS'!F22) -> 12005
... A31: VALENCIA | B31: =IF($H$2=2022,'POBLACIÓN <18 AÑOS'!A35,'POBLACIÓN <18 AÑOS'!B35) -> 23 | C31: =(IF(A31="MONTERIA",$F$2,IF(A31="AYAPEL",$F$3,IF(A31="BUENAVISTA",$F$4,IF(A31="CANALETE",$F$5,IF(A31="CERETE",$F$6,IF(A31="CHIMA",$F$7,IF(A31="CHINU",$F$8,IF(A31="CIENAGA DE ORO",$F$9,IF(A31="COTORRA",$F$10,IF(A31="LA APARTADA",$F$11,IF(A31="LORICA",$F$12,IF(A31="LOS CORDOBAS",$F$13,IF(A31="MOMIL",$F$14,IF(A31="MONTELIBANO",$F$15,IF(A31="MOÑITOS",$F$16,IF(A31="PLANETA RICA",$F$17,IF(A31="PUEBLO NUEVO",$F$18,IF(A31="PUERTO ESCONDIDO",$F$19,IF(A31="PUERTO LIBERTADOR",$F$20,IF(A31="PURISIMA",$F$21,IF(A31="SAHAGUN",$F$22,IF(A31="SAN ANDRES",$F$23,IF(A31="SAN ANTERO",$F$24,IF(A31="SAN BERNARDO",$F$25,IF(A31="SAN CARLOS",$F$26,IF(A31="SAN JOSE DE URE",$F$27,IF(A31="SAN PELAYO",$F$28,IF(A31="TIERRALTA",$F$29,IF(A31="TUCHIN",$F$30,IF(A31="VALENCIA",$F$31))))))))))))))))))))))))))))))) -> 12311 | D31: =IFERROR(B31/C31*$F$34,"0") -> 186.82479 | E31: VALENCIA | F31: =IF($H$2=2022,'POBLACIÓN <18 AÑOS'!E35,'POBLACIÓN <18 AÑOS'!F35) -> 12311
A32: CÓRDOBA | B32: =SUM(B2:B31) -> 118 | C32: =F32 -> 582805 | D32: =B32/C32*$F$34 -> 20.246909 | E32: CÓRDOBA | F32: =SUM(F2:F31) -> 582805
A34: COEFICIENTE DE MULTIPLICACIÓN | F34: 100000

Sheet INCIDENCIA < DE 5 AÑOS
A1: MUNICIPIO | B1: CASOS | C1: POBLACIÓN TOTAL | D1: INCIDENCIA ACUMULADA TOTAL | E1: MUNICIPIO | F1: POB. TOTAL | H1: AÑO | K1: 2022 | L1: 100
A2: MONTERIA | B2: =IF($H$2=2022,'POBLACIÓN <5 AÑOS'!A6,'POBLACIÓN <5 AÑOS'!B6) -> 23 | C2: 10 | D2: =IFERROR(B2/C2*$F$34,"0") -> 230000 | E2: MONTERIA | F2: =IF($H$2=2022,'POBLACIÓN <5 AÑOS'!E6,'POBLACIÓN <5 AÑOS'!F6) -> 41183 | H2: 2022 | K2: 2023 | L2: 1000
A3: AYAPEL | B3: =IF($H$2=2022,'POBLACIÓN <5 AÑOS'!A7,'POBLACIÓN <5 AÑOS'!B7) -> 23 | C3: 23 | D3: =IFERROR(B3/C3*$F$34,"0") -> 100000 | E3: AYAPEL | F3: =IF($H$2=2022,'POBLACIÓN <5 AÑOS'!E7,'POBLACIÓN <5 AÑOS'!F7) -> 4811 | L3: 10000
A4: BUENAVISTA | B4: =IF($H$2=2022,'POBLACIÓN <5 AÑOS'!A8,'POBLACIÓN <5 AÑOS'!B8) -> 23 | C4: 43 | D4: =IFERROR(B4/C4*$F$34,"0") -> 53488.372 | E4: BUENAVISTA | F4: =IF($H$2=2022,'POBLACIÓN <5 AÑOS'!E8,'POBLACIÓN <5 AÑOS'!F8) -> 1990 | L4: 100000
A5: CANALETE | B5: =IF($H$2=2022,'POBLACIÓN <5 AÑOS'!A9,'POBLACIÓN <5 AÑOS'!B9) -> 23 | C5: 54 | D5: =IFERROR(B5/C5*$F$34,"0") -> 42592.593 | E5: CANALETE | F5: =IF($H$2=2022,'POBLACIÓN <5 AÑOS'!E9,'POBLACIÓN <5 AÑOS'!F9) -> 1436
A6: CERETE | B6: =IF($H$2=2022,'POBLACIÓN <5 AÑOS'!A10,'POBLACIÓN <5 AÑOS'!B10) -> 23 | C6: 65 | D6: =IFERROR(B6/C6*$F$34,"0") -> 35384.615 | E6: CERETE | F6: =IF($H$2=2022,'POBLACIÓN <5 AÑOS'!E10,'POBLACIÓN <5 AÑOS'!F10) -> 8355
A7: CHIMA | B7: =IF($H$2=2022,'POBLACIÓN <5 AÑOS'!A11,'POBLACIÓN <5 AÑOS'!B11) -> 23 | C7: 76 | D7: =IFERROR(B7/C7*$F$34,"0") -> 30263.158 | E7: CHIMA | F7: =IF($H$2=2022,'POBLACIÓN <5 AÑOS'!E11,'POBLACIÓN <5 AÑOS'!F11) -> 1312
A8: CHINU | B8: =IF($H$2=2022,'POBLACIÓN <5 AÑOS'!A12,'POBLACIÓN <5 AÑOS'!B12) -> 23 | C8: 23 | D8: =IFERROR(B8/C8*$F$34,"0") -> 100000 | E8: CHINU | F8: =IF($H$2=2022,'POBLACIÓN <5 AÑOS'!E12,'POBLACIÓN <5 AÑOS'!F12) -> 3725
A9: CIENAGA DE ORO | B9: =IF($H$2=2022,'POBLACIÓN <5 AÑOS'!A13,'POBLACIÓN <5 AÑOS'!B13) -> 23 | C9: 34 | D9: =IFERROR(B9/C9*$F$34,"0") -> 67647.059 | E9: CIENAGA DE ORO | F9: =IF($H$2=2022,'POBLACIÓN <5 AÑOS'!E13,'POBLACIÓN <5 AÑOS'!F13) -> 4849
A10: COTORRA | B10: =IF($H$2=2022,'POBLACIÓN <5 AÑOS'!A14,'POBLACIÓN <5 AÑOS'!B14) -> 23 | C10: 23 | D10: =IFERROR(B10/C10*$F$34,"0") -> 100000 | E10: COTORRA | F10: =IF($H$2=2022,'POBLACIÓN <5 AÑOS'!E14,'POBLACIÓN <5 AÑOS'!F14) -> 1502
A11: LA APARTADA | B11: =IF($H$2=2022,'POBLACIÓN <5 AÑOS'!A15,'POBLACIÓN <5 AÑOS'!B15) -> 23 | C11: 43 | D11: =IFERROR(B11/C11*$F$34,"0") -> 53488.372 | E11: LA APARTADA | F11: =IF($H$2=2022,'POBLACIÓN <5 AÑOS'!E15,'POBLACIÓN <5 AÑOS'!F15) -> 1427
A12: LORICA | B12: =IF($H$2=2022,'POBLACIÓN <5 AÑOS'!A16,'POBLACIÓN <5 AÑOS'!B16) -> 23 | C12: 54 | D12: =IFERROR(B12/C12*$F$34,"0") -> 42592.593 | E12: LORICA | F12: =IF($H$2=2022,'POBLACIÓN <5 AÑOS'!E16,'POBLACIÓN <5 AÑOS'!F16) -> 9595
A13: LOS CORDOBAS | B13: =IF($H$2=2022,'POBLACIÓN <5 AÑOS'!A17,'POBLACIÓN <5 AÑOS'!B17) -> 23 | C13: 23 | D13: =IFERROR(B13/C13*$F$34,"0") -> 100000 | E13: LOS CORDOBAS | F13: =IF($H$2=2022,'POBLACIÓN <5 AÑOS'!E17,'POBLACIÓN <5 AÑOS'!F17) -> 1804
A14: MOMIL | B14: =IF($H$2=2022,'POBLACIÓN <5 AÑOS'!A18,'POBLACIÓN <5 AÑOS'!B18) -> 23 | C14: 12 | D14: =IFERROR(B14/C14*$F$34,"0") -> 191666.67 | E14: MOMIL | F14: =IF($H$2=2022,'POBLACIÓN <5 AÑOS'!E18,'POBLACIÓN <5 AÑOS'!F18) -> 1555
A15: MONTELIBANO | B15: =IF($H$2=2022,'POBLACIÓN <5 AÑOS'!A19,'POBLACIÓN <5 AÑOS'!B19) -> 23 | C15: 43 | D15: =IFERROR(B15/C15*$F$34,"0") -> 53488.372 | E15: MONTELIBANO | F15: =IF($H$2=2022,'POBLACIÓN <5 AÑOS'!E19,'POBLACIÓN <5 AÑOS'!F19) -> 8309
A16: MOÑITOS | B16: =IF($H$2=2022,'POBLACIÓN <5 AÑOS'!A20,'POBLACIÓN <5 AÑOS'!B20) -> 23 | C16: 5 | D16: =IFERROR(B16/C16*$F$34,"0") -> 460000 | E16: MOÑITOS | F16: =IF($H$2=2022,'POBLACIÓN <5 AÑOS'!E20,'POBLACIÓN <5 AÑOS'!F20) -> 2879
... A31: VALENCIA | B31: =IF($H$2=2022,'POBLACIÓN <5 AÑOS'!A35,'POBLACIÓN <5 AÑOS'!B35) -> 23 | C31: 12 | D31: =IFERROR(B31/C31*$F$34,"0") -> 191666.67 | E31: VALENCIA | F31: =IF($H$2=2022,'POBLACIÓN <5 AÑOS'!E35,'POBLACIÓN <5 AÑOS'!F35) -> 3182
A32: CÓRDOBA | B32: =SUM(B2:B31) -> 0 | C32: =F32 -> 162486 | D32: =B32/C32*$F$34 -> 0 | E32: CÓRDOBA | F32: =SUM(F2:F31) -> 162486
A34: COEFICIENTE DE MULTIPLICACIÓN | F34: 100000

Sheet PREVALENCIA < DE 5
A1: MUNICIPIO | B1: CASOS | C1: POBLACIÓN TOTAL | D1: INCIDENCIA ACUMULADA TOTAL | E1: MUNICIPIO | F1: POB. TOTAL | H1: AÑO | K1: 2022 | L1: 100
C2: =(IF(A2="MONTERIA",$F$2,IF(A2="AYAPEL",$F$3,IF(A2="BUENAVISTA",$F$4,IF(A2="CANALETE",$F$5,IF(A2="CERETE",$F$6,IF(A2="CHIMA",$F$7,IF(A2="CHINU",$F$8,IF(A2="CIENAGA DE ORO",$F$9,IF(A2="COTORRA",$F$10,IF(A2="LA APARTADA",$F$11,IF(A2="LORICA",$F$12,IF(A2="LOS CORDOBAS",$F$13,IF(A2="MOMIL",$F$14,IF(A2="MONTELIBANO",$F$15,IF(A2="MOÑITOS",$F$16,IF(A2="PLANETA RICA",$F$17,IF(A2="PUEBLO NUEVO",$F$18,IF(A2="PUERTO ESCONDIDO",$F$19,IF(A2="PUERTO LIBERTADOR",$F$20,IF(A2="PURISIMA",$F$21,IF(A2="SAHAGUN",$F$22,IF(A2="SAN ANDRES",$F$23,IF(A2="SAN ANTERO",$F$24,IF(A2="SAN BERNARDO",$F$25,IF(A2="SAN CARLOS",$F$26,IF(A2="SAN JOSE DE URE",$F$27,IF(A2="SAN PELAYO",$F$28,IF(A2="TIERRALTA",$F$29,IF(A2="TUCHIN",$F$30,IF(A2="VALENCIA",$F$31))))))))))))))))))))))))))))))) -> FALSE | D2: =IFERROR(B2/C2*$F$34,"0") -> 0 | E2: MONTERIA | F2: =IF($H$2=2022,'POBLACIÓN <5 AÑOS'!E6,'POBLACIÓN <5 AÑOS'!F6) -> 41183 | H2: 2022 | K2: 2023 | L2: 1000
C3: =(IF(A3="MONTERIA",$F$2,IF(A3="AYAPEL",$F$3,IF(A3="BUENAVISTA",$F$4,IF(A3="CANALETE",$F$5,IF(A3="CERETE",$F$6,IF(A3="CHIMA",$F$7,IF(A3="CHINU",$F$8,IF(A3="CIENAGA DE ORO",$F$9,IF(A3="COTORRA",$F$10,IF(A3="LA APARTADA",$F$11,IF(A3="LORICA",$F$12,IF(A3="LOS CORDOBAS",$F$13,IF(A3="MOMIL",$F$14,IF(A3="MONTELIBANO",$F$15,IF(A3="MOÑITOS",$F$16,IF(A3="PLANETA RICA",$F$17,IF(A3="PUEBLO NUEVO",$F$18,IF(A3="PUERTO ESCONDIDO",$F$19,IF(A3="PUERTO LIBERTADOR",$F$20,IF(A3="PURISIMA",$F$21,IF(A3="SAHAGUN",$F$22,IF(A3="SAN ANDRES",$F$23,IF(A3="SAN ANTERO",$F$24,IF(A3="SAN BERNARDO",$F$25,IF(A3="SAN CARLOS",$F$26,IF(A3="SAN JOSE DE URE",$F$27,IF(A3="SAN PELAYO",$F$28,IF(A3="TIERRALTA",$F$29,IF(A3="TUCHIN",$F$30,IF(A3="VALENCIA",$F$31))))))))))))))))))))))))))))))) -> FALSE | D3: =IFERROR(B3/C3*$F$34,"0") -> 0 | E3: AYAPEL | F3: =IF($H$2=2022,'POBLACIÓN <5 AÑOS'!E7,'POBLACIÓN <5 AÑOS'!F7) -> 4811 | L3: 10000
C4: =(IF(A4="MONTERIA",$F$2,IF(A4="AYAPEL",$F$3,IF(A4="BUENAVISTA",$F$4,IF(A4="CANALETE",$F$5,IF(A4="CERETE",$F$6,IF(A4="CHIMA",$F$7,IF(A4="CHINU",$F$8,IF(A4="CIENAGA DE ORO",$F$9,IF(A4="COTORRA",$F$10,IF(A4="LA APARTADA",$F$11,IF(A4="LORICA",$F$12,IF(A4="LOS CORDOBAS",$F$13,IF(A4="MOMIL",$F$14,IF(A4="MONTELIBANO",$F$15,IF(A4="MOÑITOS",$F$16,IF(A4="PLANETA RICA",$F$17,IF(A4="PUEBLO NUEVO",$F$18,IF(A4="PUERTO ESCONDIDO",$F$19,IF(A4="PUERTO LIBERTADOR",$F$20,IF(A4="PURISIMA",$F$21,IF(A4="SAHAGUN",$F$22,IF(A4="SAN ANDRES",$F$23,IF(A4="SAN ANTERO",$F$24,IF(A4="SAN BERNARDO",$F$25,IF(A4="SAN CARLOS",$F$26,IF(A4="SAN JOSE DE URE",$F$27,IF(A4="SAN PELAYO",$F$28,IF(A4="TIERRALTA",$F$29,IF(A4="TUCHIN",$F$30,IF(A4="VALENCIA",$F$31))))))))))))))))))))))))))))))) -> FALSE | D4: =IFERROR(B4/C4*$F$34,"0") -> 0 | E4: BUENAVISTA | F4: =IF($H$2=2022,'POBLACIÓN <5 AÑOS'!E8,'POBLACIÓN <5 AÑOS'!F8) -> 1990 | L4: 100000
C5: =(IF(A5="MONTERIA",$F$2,IF(A5="AYAPEL",$F$3,IF(A5="BUENAVISTA",$F$4,IF(A5="CANALETE",$F$5,IF(A5="CERETE",$F$6,IF(A5="CHIMA",$F$7,IF(A5="CHINU",$F$8,IF(A5="CIENAGA DE ORO",$F$9,IF(A5="COTORRA",$F$10,IF(A5="LA APARTADA",$F$11,IF(A5="LORICA",$F$12,IF(A5="LOS CORDOBAS",$F$13,IF(A5="MOMIL",$F$14,IF(A5="MONTELIBANO",$F$15,IF(A5="MOÑITOS",$F$16,IF(A5="PLANETA RICA",$F$17,IF(A5="PUEBLO NUEVO",$F$18,IF(A5="PUERTO ESCONDIDO",$F$19,IF(A5="PUERTO LIBERTADOR",$F$20,IF(A5="PURISIMA",$F$21,IF(A5="SAHAGUN",$F$22,IF(A5="SAN ANDRES",$F$23,IF(A5="SAN ANTERO",$F$24,IF(A5="SAN BERNARDO",$F$25,IF(A5="SAN CARLOS",$F$26,IF(A5="SAN JOSE DE URE",$F$27,IF(A5="SAN PELAYO",$F$28,IF(A5="TIERRALTA",$F$29,IF(A5="TUCHIN",$F$30,IF(A5="VALENCIA",$F$31))))))))))))))))))))))))))))))) -> FALSE | D5: =IFERROR(B5/C5*$F$34,"0") -> 0 | E5: CANALETE | F5: =IF($H$2=2022,'POBLACIÓN <5 AÑOS'!E9,'POBLACIÓN <5 AÑOS'!F9) -> 1436
C6: =(IF(A6="MONTERIA",$F$2,IF(A6="AYAPEL",$F$3,IF(A6="BUENAVISTA",$F$4,IF(A6="CANALETE",$F$5,IF(A6="CERETE",$F$6,IF(A6="CHIMA",$F$7,IF(A6="CHINU",$F$8,IF(A6="CIENAGA DE ORO",$F$9,IF(A6="COTORRA",$F$10,IF(A6="LA APARTADA",$F$11,IF(A6="LORICA",$F$12,IF(A6="LOS CORDOBAS",$F$13,IF(A6="MOMIL",$F$14,IF(A6="MONTELIBANO",$F$15,IF(A6="MOÑITOS",$F$16,IF(A6="PLANETA RICA",$F$17,IF(A6="PUEBLO NUEVO",$F$18,IF(A6="PUERTO ESCONDIDO",$F$19,IF(A6="PUERTO LIBERTADOR",$F$20,IF(A6="PURISIMA",$F$21,IF(A6="SAHAGUN",$F$22,IF(A6="SAN ANDRES",$F$23,IF(A6="SAN ANTERO",$F$24,IF(A6="SAN BERNARDO",$F$25,IF(A6="SAN CARLOS",$F$26,IF(A6="SAN JOSE DE URE",$F$27,IF(A6="SAN PELAYO",$F$28,IF(A6="TIERRALTA",$F$29,IF(A6="TUCHIN",$F$30,IF(A6="VALENCIA",$F$31))))))))))))))))))))))))))))))) -> FALSE | D6: =IFERROR(B6/C6*$F$34,"0") -> 0 | E6: CERETE | F6: =IF($H$2=2022,'POBLACIÓN <5 AÑOS'!E10,'POBLACIÓN <5 AÑOS'!F10) -> 8355
C7: =(IF(A7="MONTERIA",$F$2,IF(A7="AYAPEL",$F$3,IF(A7="BUENAVISTA",$F$4,IF(A7="CANALETE",$F$5,IF(A7="CERETE",$F$6,IF(A7="CHIMA",$F$7,IF(A7="CHINU",$F$8,IF(A7="CIENAGA DE ORO",$F$9,IF(A7="COTORRA",$F$10,IF(A7="LA APARTADA",$F$11,IF(A7="LORICA",$F$12,IF(A7="LOS CORDOBAS",$F$13,IF(A7="MOMIL",$F$14,IF(A7="MONTELIBANO",$F$15,IF(A7="MOÑITOS",$F$16,IF(A7="PLANETA RICA",$F$17,IF(A7="PUEBLO NUEVO",$F$18,IF(A7="PUERTO ESCONDIDO",$F$19,IF(A7="PUERTO LIBERTADOR",$F$20,IF(A7="PURISIMA",$F$21,IF(A7="SAHAGUN",$F$22,IF(A7="SAN ANDRES",$F$23,IF(A7="SAN ANTERO",$F$24,IF(A7="SAN BERNARDO",$F$25,IF(A7="SAN CARLOS",$F$26,IF(A7="SAN JOSE DE URE",$F$27,IF(A7="SAN PELAYO",$F$28,IF(A7="TIERRALTA",$F$29,IF(A7="TUCHIN",$F$30,IF(A7="VALENCIA",$F$31))))))))))))))))))))))))))))))) -> FALSE | D7: =IFERROR(B7/C7*$F$34,"0") -> 0 | E7: CHIMA | F7: =IF($H$2=2022,'POBLACIÓN <5 AÑOS'!E11,'POBLACIÓN <5 AÑOS'!F11) -> 1312
C8: =(IF(A8="MONTERIA",$F$2,IF(A8="AYAPEL",$F$3,IF(A8="BUENAVISTA",$F$4,IF(A8="CANALETE",$F$5,IF(A8="CERETE",$F$6,IF(A8="CHIMA",$F$7,IF(A8="CHINU",$F$8,IF(A8="CIENAGA DE ORO",$F$9,IF(A8="COTORRA",$F$10,IF(A8="LA APARTADA",$F$11,IF(A8="LORICA",$F$12,IF(A8="LOS CORDOBAS",$F$13,IF(A8="MOMIL",$F$14,IF(A8="MONTELIBANO",$F$15,IF(A8="MOÑITOS",$F$16,IF(A8="PLANETA RICA",$F$17,IF(A8="PUEBLO NUEVO",$F$18,IF(A8="PUERTO ESCONDIDO",$F$19,IF(A8="PUERTO LIBERTADOR",$F$20,IF(A8="PURISIMA",$F$21,IF(A8="SAHAGUN",$F$22,IF(A8="SAN ANDRES",$F$23,IF(A8="SAN ANTERO",$F$24,IF(A8="SAN BERNARDO",$F$25,IF(A8="SAN CARLOS",$F$26,IF(A8="SAN JOSE DE URE",$F$27,IF(A8="SAN PELAYO",$F$28,IF(A8="TIERRALTA",$F$29,IF(A8="TUCHIN",$F$30,IF(A8="VALENCIA",$F$31))))))))))))))))))))))))))))))) -> FALSE | D8: =IFERROR(B8/C8*$F$34,"0") -> 0 | E8: CHINU | F8: =IF($H$2=2022,'POBLACIÓN <5 AÑOS'!E12,'POBLACIÓN <5 AÑOS'!F12) -> 3725
C9: =(IF(A9="MONTERIA",$F$2,IF(A9="AYAPEL",$F$3,IF(A9="BUENAVISTA",$F$4,IF(A9="CANALETE",$F$5,IF(A9="CERETE",$F$6,IF(A9="CHIMA",$F$7,IF(A9="CHINU",$F$8,IF(A9="CIENAGA DE ORO",$F$9,IF(A9="COTORRA",$F$10,IF(A9="LA APARTADA",$F$11,IF(A9="LORICA",$F$12,IF(A9="LOS CORDOBAS",$F$13,IF(A9="MOMIL",$F$14,IF(A9="MONTELIBANO",$F$15,IF(A9="MOÑITOS",$F$16,IF(A9="PLANETA RICA",$F$17,IF(A9="PUEBLO NUEVO",$F$18,IF(A9="PUERTO ESCONDIDO",$F$19,IF(A9="PUERTO LIBERTADOR",$F$20,IF(A9="PURISIMA",$F$21,IF(A9="SAHAGUN",$F$22,IF(A9="SAN ANDRES",$F$23,IF(A9="SAN ANTERO",$F$24,IF(A9="SAN BERNARDO",$F$25,IF(A9="SAN CARLOS",$F$26,IF(A9="SAN JOSE DE URE",$F$27,IF(A9="SAN PELAYO",$F$28,IF(A9="TIERRALTA",$F$29,IF(A9="TUCHIN",$F$30,IF(A9="VALENCIA",$F$31))))))))))))))))))))))))))))))) -> FALSE | D9: =IFERROR(B9/C9*$F$34,"0") -> 0 | E9: CIENAGA DE ORO | F9: =IF($H$2=2022,'POBLACIÓN <5 AÑOS'!E13,'POBLACIÓN <5 AÑOS'!F13) -> 4849
C10: =(IF(A10="MONTERIA",$F$2,IF(A10="AYAPEL",$F$3,IF(A10="BUENAVISTA",$F$4,IF(A10="CANALETE",$F$5,IF(A10="CERETE",$F$6,IF(A10="CHIMA",$F$7,IF(A10="CHINU",$F$8,IF(A10="CIENAGA DE ORO",$F$9,IF(A10="COTORRA",$F$10,IF(A10="LA APARTADA",$F$11,IF(A10="LORICA",$F$12,IF(A10="LOS CORDOBAS",$F$13,IF(A10="MOMIL",$F$14,IF(A10="MONTELIBANO",$F$15,IF(A10="MOÑITOS",$F$16,IF(A10="PLANETA RICA",$F$17,IF(A10="PUEBLO NUEVO",$F$18,IF(A10="PUERTO ESCONDIDO",$F$19,IF(A10="PUERTO LIBERTADOR",$F$20,IF(A10="PURISIMA",$F$21,IF(A10="SAHAGUN",$F$22,IF(A10="SAN ANDRES",$F$23,IF(A10="SAN ANTERO",$F$24,IF(A10="SAN BERNARDO",$F$25,IF(A10="SAN CARLOS",$F$26,IF(A10="SAN JOSE DE URE",$F$27,IF(A10="SAN PELAYO",$F$28,IF(A10="TIERRALTA",$F$29,IF(A10="TUCHIN",$F$30,IF(A10="VALENCIA",$F$31))))))))))))))))))))))))))))))) -> FALSE | D10: =IFERROR(B10/C10*$F$34,"0") -> 0 | E10: COTORRA | F10: =IF($H$2=2022,'POBLACIÓN <5 AÑOS'!E14,'POBLACIÓN <5 AÑOS'!F14) -> 1502
C11: =(IF(A11="MONTERIA",$F$2,IF(A11="AYAPEL",$F$3,IF(A11="BUENAVISTA",$F$4,IF(A11="CANALETE",$F$5,IF(A11="CERETE",$F$6,IF(A11="CHIMA",$F$7,IF(A11="CHINU",$F$8,IF(A11="CIENAGA DE ORO",$F$9,IF(A11="COTORRA",$F$10,IF(A11="LA APARTADA",$F$11,IF(A11="LORICA",$F$12,IF(A11="LOS CORDOBAS",$F$13,IF(A11="MOMIL",$F$14,IF(A11="MONTELIBANO",$F$15,IF(A11="MOÑITOS",$F$16,IF(A11="PLANETA RICA",$F$17,IF(A11="PUEBLO NUEVO",$F$18,IF(A11="PUERTO ESCONDIDO",$F$19,IF(A11="PUERTO LIBERTADOR",$F$20,IF(A11="PURISIMA",$F$21,IF(A11="SAHAGUN",$F$22,IF(A11="SAN ANDRES",$F$23,IF(A11="SAN ANTERO",$F$24,IF(A11="SAN BERNARDO",$F$25,IF(A11="SAN CARLOS",$F$26,IF(A11="SAN JOSE DE URE",$F$27,IF(A11="SAN PELAYO",$F$28,IF(A11="TIERRALTA",$F$29,IF(A11="TUCHIN",$F$30,IF(A11="VALENCIA",$F$31))))))))))))))))))))))))))))))) -> FALSE | D11: =IFERROR(B11/C11*$F$34,"0") -> 0 | E11: LA APARTADA | F11: =IF($H$2=2022,'POBLACIÓN <5 AÑOS'!E15,'POBLACIÓN <5 AÑOS'!F15) -> 1427
C12: =(IF(A12="MONTERIA",$F$2,IF(A12="AYAPEL",$F$3,IF(A12="BUENAVISTA",$F$4,IF(A12="CANALETE",$F$5,IF(A12="CERETE",$F$6,IF(A12="CHIMA",$F$7,IF(A12="CHINU",$F$8,IF(A12="CIENAGA DE ORO",$F$9,IF(A12="COTORRA",$F$10,IF(A12="LA APARTADA",$F$11,IF(A12="LORICA",$F$12,IF(A12="LOS CORDOBAS",$F$13,IF(A12="MOMIL",$F$14,IF(A12="MONTELIBANO",$F$15,IF(A12="MOÑITOS",$F$16,IF(A12="PLANETA RICA",$F$17,IF(A12="PUEBLO NUEVO",$F$18,IF(A12="PUERTO ESCONDIDO",$F$19,IF(A12="PUERTO LIBERTADOR",$F$20,IF(A12="PURISIMA",$F$21,IF(A12="SAHAGUN",$F$22,IF(A12="SAN ANDRES",$F$23,IF(A12="SAN ANTERO",$F$24,IF(A12="SAN BERNARDO",$F$25,IF(A12="SAN CARLOS",$F$26,IF(A12="SAN JOSE DE URE",$F$27,IF(A12="SAN PELAYO",$F$28,IF(A12="TIERRALTA",$F$29,IF(A12="TUCHIN",$F$30,IF(A12="VALENCIA",$F$31))))))))))))))))))))))))))))))) -> FALSE | D12: =IFERROR(B12/C12*$F$34,"0") -> 0 | E12: LORICA | F12: =IF($H$2=2022,'POBLACIÓN <5 AÑOS'!E16,'POBLACIÓN <5 AÑOS'!F16) -> 9595
C13: =(IF(A13="MONTERIA",$F$2,IF(A13="AYAPEL",$F$3,IF(A13="BUENAVISTA",$F$4,IF(A13="CANALETE",$F$5,IF(A13="CERETE",$F$6,IF(A13="CHIMA",$F$7,IF(A13="CHINU",$F$8,IF(A13="CIENAGA DE ORO",$F$9,IF(A13="COTORRA",$F$10,IF(A13="LA APARTADA",$F$11,IF(A13="LORICA",$F$12,IF(A13="LOS CORDOBAS",$F$13,IF(A13="MOMIL",$F$14,IF(A13="MONTELIBANO",$F$15,IF(A13="MOÑITOS",$F$16,IF(A13="PLANETA RICA",$F$17,IF(A13="PUEBLO NUEVO",$F$18,IF(A13="PUERTO ESCONDIDO",$F$19,IF(A13="PUERTO LIBERTADOR",$F$20,IF(A13="PURISIMA",$F$21,IF(A13="SAHAGUN",$F$22,IF(A13="SAN ANDRES",$F$23,IF(A13="SAN ANTERO",$F$24,IF(A13="SAN BERNARDO",$F$25,IF(A13="SAN CARLOS",$F$26,IF(A13="SAN JOSE DE URE",$F$27,IF(A13="SAN PELAYO",$F$28,IF(A13="TIERRALTA",$F$29,IF(A13="TUCHIN",$F$30,IF(A13="VALENCIA",$F$31))))))))))))))))))))))))))))))) -> FALSE | D13: =IFERROR(B13/C13*$F$34,"0") -> 0 | E13: LOS CORDOBAS | F13: =IF($H$2=2022,'POBLACIÓN <5 AÑOS'!E17,'POBLACIÓN <5 AÑOS'!F17) -> 1804
C14: =(IF(A14="MONTERIA",$F$2,IF(A14="AYAPEL",$F$3,IF(A14="BUENAVISTA",$F$4,IF(A14="CANALETE",$F$5,IF(A14="CERETE",$F$6,IF(A14="CHIMA",$F$7,IF(A14="CHINU",$F$8,IF(A14="CIENAGA DE ORO",$F$9,IF(A14="COTORRA",$F$10,IF(A14="LA APARTADA",$F$11,IF(A14="LORICA",$F$12,IF(A14="LOS CORDOBAS",$F$13,IF(A14="MOMIL",$F$14,IF(A14="MONTELIBANO",$F$15,IF(A14="MOÑITOS",$F$16,IF(A14="PLANETA RICA",$F$17,IF(A14="PUEBLO NUEVO",$F$18,IF(A14="PUERTO ESCONDIDO",$F$19,IF(A14="PUERTO LIBERTADOR",$F$20,IF(A14="PURISIMA",$F$21,IF(A14="SAHAGUN",$F$22,IF(A14="SAN ANDRES",$F$23,IF(A14="SAN ANTERO",$F$24,IF(A14="SAN BERNARDO",$F$25,IF(A14="SAN CARLOS",$F$26,IF(A14="SAN JOSE DE URE",$F$27,IF(A14="SAN PELAYO",$F$28,IF(A14="TIERRALTA",$F$29,IF(A14="TUCHIN",$F$30,IF(A14="VALENCIA",$F$31))))))))))))))))))))))))))))))) -> FALSE | D14: =IFERROR(B14/C14*$F$34,"0") -> 0 | E14: MOMIL | F14: =IF($H$2=2022,'POBLACIÓN <5 AÑOS'!E18,'POBLACIÓN <5 AÑOS'!F18) -> 1555
C15: =(IF(A15="MONTERIA",$F$2,IF(A15="AYAPEL",$F$3,IF(A15="BUENAVISTA",$F$4,IF(A15="CANALETE",$F$5,IF(A15="CERETE",$F$6,IF(A15="CHIMA",$F$7,IF(A15="CHINU",$F$8,IF(A15="CIENAGA DE ORO",$F$9,IF(A15="COTORRA",$F$10,IF(A15="LA APARTADA",$F$11,IF(A15="LORICA",$F$12,IF(A15="LOS CORDOBAS",$F$13,IF(A15="MOMIL",$F$14,IF(A15="MONTELIBANO",$F$15,IF(A15="MOÑITOS",$F$16,IF(A15="PLANETA RICA",$F$17,IF(A15="PUEBLO NUEVO",$F$18,IF(A15="PUERTO ESCONDIDO",$F$19,IF(A15="PUERTO LIBERTADOR",$F$20,IF(A15="PURISIMA",$F$21,IF(A15="SAHAGUN",$F$22,IF(A15="SAN ANDRES",$F$23,IF(A15="SAN ANTERO",$F$24,IF(A15="SAN BERNARDO",$F$25,IF(A15="SAN CARLOS",$F$26,IF(A15="SAN JOSE DE URE",$F$27,IF(A15="SAN PELAYO",$F$28,IF(A15="TIERRALTA",$F$29,IF(A15="TUCHIN",$F$30,IF(A15="VALENCIA",$F$31))))))))))))))))))))))))))))))) -> FALSE | D15: =IFERROR(B15/C15*$F$34,"0") -> 0 | E15: MONTELIBANO | F15: =IF($H$2=2022,'POBLACIÓN <5 AÑOS'!E19,'POBLACIÓN <5 AÑOS'!F19) -> 8309
C16: =(IF(A16="MONTERIA",$F$2,IF(A16="AYAPEL",$F$3,IF(A16="BUENAVISTA",$F$4,IF(A16="CANALETE",$F$5,IF(A16="CERETE",$F$6,IF(A16="CHIMA",$F$7,IF(A16="CHINU",$F$8,IF(A16="CIENAGA DE ORO",$F$9,IF(A16="COTORRA",$F$10,IF(A16="LA APARTADA",$F$11,IF(A16="LORICA",$F$12,IF(A16="LOS CORDOBAS",$F$13,IF(A16="MOMIL",$F$14,IF(A16="MONTELIBANO",$F$15,IF(A16="MOÑITOS",$F$16,IF(A16="PLANETA RICA",$F$17,IF(A16="PUEBLO NUEVO",$F$18,IF(A16="PUERTO ESCONDIDO",$F$19,IF(A16="PUERTO LIBERTADOR",$F$20,IF(A16="PURISIMA",$F$21,IF(A16="SAHAGUN",$F$22,IF(A16="SAN ANDRES",$F$23,IF(A16="SAN ANTERO",$F$24,IF(A16="SAN BERNARDO",$F$25,IF(A16="SAN CARLOS",$F$26,IF(A16="SAN JOSE DE URE",$F$27,IF(A16="SAN PELAYO",$F$28,IF(A16="TIERRALTA",$F$29,IF(A16="TUCHIN",$F$30,IF(A16="VALENCIA",$F$31))))))))))))))))))))))))))))))) -> FALSE | D16: =IFERROR(B16/C16*$F$34,"0") -> 0 | E16: MOÑITOS | F16: =IF($H$2=2022,'POBLACIÓN <5 AÑOS'!E20,'POBLACIÓN <5 AÑOS'!F20) -> 2879
... C31: =(IF(A31="MONTERIA",$F$2,IF(A31="AYAPEL",$F$3,IF(A31="BUENAVISTA",$F$4,IF(A31="CANALETE",$F$5,IF(A31="CERETE",$F$6,IF(A31="CHIMA",$F$7,IF(A31="CHINU",$F$8,IF(A31="CIENAGA DE ORO",$F$9,IF(A31="COTORRA",$F$10,IF(A31="LA APARTADA",$F$11,IF(A31="LORICA",$F$12,IF(A31="LOS CORDOBAS",$F$13,IF(A31="MOMIL",$F$14,IF(A31="MONTELIBANO",$F$15,IF(A31="MOÑITOS",$F$16,IF(A31="PLANETA RICA",$F$17,IF(A31="PUEBLO NUEVO",$F$18,IF(A31="PUERTO ESCONDIDO",$F$19,IF(A31="PUERTO LIBERTADOR",$F$20,IF(A31="PURISIMA",$F$21,IF(A31="SAHAGUN",$F$22,IF(A31="SAN ANDRES",$F$23,IF(A31="SAN ANTERO",$F$24,IF(A31="SAN BERNARDO",$F$25,IF(A31="SAN CARLOS",$F$26,IF(A31="SAN JOSE DE URE",$F$27,IF(A31="SAN PELAYO",$F$28,IF(A31="TIERRALTA",$F$29,IF(A31="TUCHIN",$F$30,IF(A31="VALENCIA",$F$31))))))))))))))))))))))))))))))) -> FALSE | D31: =IFERROR(B31/C31*$F$34,"0") -> 0 | E31: VALENCIA | F31: =IF($H$2=2022,'POBLACIÓN <5 AÑOS'!E35,'POBLACIÓN <5 AÑOS'!F35) -> 3182
A32: CÓRDOBA | B32: =SUM(B2:B31) -> 0 | C32: =F32 -> 162486 | D32: =B32/C32*$F$34 -> 0 | E32: CÓRDOBA | F32: =SUM(F2:F31) -> 162486
A34: COEFICIENTE DE MULTIPLICACIÓN | F34: 100

Sheet RAZÓN
A1: MUNICIPIO | B1: CASOS | C1: NACIDOS VIVOS | D1: RAZÓN | E1: MUNICIPIO | F1: NACIDOS VIVOS
C2: =(IF(A2="MONTERIA",$F$2,IF(A2="AYAPEL",$F$3,IF(A2="BUENAVISTA",$F$4,IF(A2="CANALETE",$F$5,IF(A2="CERETE",$F$6,IF(A2="CHIMA",$F$7,IF(A2="CHINU",$F$8,IF(A2="CIENAGA DE ORO",$F$9,IF(A2="COTORRA",$F$10,IF(A2="LA APARTADA",$F$11,IF(A2="LORICA",$F$12,IF(A2="LOS CORDOBAS",$F$13,IF(A2="MOMIL",$F$14,IF(A2="MONTELIBANO",$F$15,IF(A2="MOÑITOS",$F$16,IF(A2="PLANETA RICA",$F$17,IF(A2="PUEBLO NUEVO",$F$18,IF(A2="PUERTO ESCONDIDO",$F$19,IF(A2="PUERTO LIBERTADOR",$F$20,IF(A2="PURISIMA",$F$21,IF(A2="SAHAGUN",$F$22,IF(A2="SAN ANDRES SOTAVENTO",$F$23,IF(A2="SAN ANTERO",$F$24,IF(A2="SAN BERNARDO DEL VIENTO",$F$25,IF(A2="SAN CARLOS",$F$26,IF(A2="SAN JOSE DE URE",$F$27,IF(A2="SAN PELAYO",$F$28,IF(A2="TIERRALTA",$F$29,IF(A2="TUCHIN",$F$30,IF(A2="VALENCIA",$F$31))))))))))))))))))))))))))))))) -> FALSE | D2: =IFERROR(B2/C2*$F$34,"0") -> 0 | E2: MONTERIA | F2: 5330
C3: =(IF(A3="MONTERIA",$F$2,IF(A3="AYAPEL",$F$3,IF(A3="BUENAVISTA",$F$4,IF(A3="CANALETE",$F$5,IF(A3="CERETE",$F$6,IF(A3="CHIMA",$F$7,IF(A3="CHINU",$F$8,IF(A3="CIENAGA DE ORO",$F$9,IF(A3="COTORRA",$F$10,IF(A3="LA APARTADA",$F$11,IF(A3="LORICA",$F$12,IF(A3="LOS CORDOBAS",$F$13,IF(A3="MOMIL",$F$14,IF(A3="MONTELIBANO",$F$15,IF(A3="MOÑITOS",$F$16,IF(A3="PLANETA RICA",$F$17,IF(A3="PUEBLO NUEVO",$F$18,IF(A3="PUERTO ESCONDIDO",$F$19,IF(A3="PUERTO LIBERTADOR",$F$20,IF(A3="PURISIMA",$F$21,IF(A3="SAHAGUN",$F$22,IF(A3="SAN ANDRES SOTAVENTO",$F$23,IF(A3="SAN ANTERO",$F$24,IF(A3="SAN BERNARDO DEL VIENTO",$F$25,IF(A3="SAN CARLOS",$F$26,IF(A3="SAN JOSE DE URE",$F$27,IF(A3="SAN PELAYO",$F$28,IF(A3="TIERRALTA",$F$29,IF(A3="TUCHIN",$F$30,IF(A3="VALENCIA",$F$31))))))))))))))))))))))))))))))) -> FALSE | D3: =IFERROR(B3/C3*$F$34,"0") -> 0 | E3: AYAPEL | F3: 552
C4: =(IF(A4="MONTERIA",$F$2,IF(A4="AYAPEL",$F$3,IF(A4="BUENAVISTA",$F$4,IF(A4="CANALETE",$F$5,IF(A4="CERETE",$F$6,IF(A4="CHIMA",$F$7,IF(A4="CHINU",$F$8,IF(A4="CIENAGA DE ORO",$F$9,IF(A4="COTORRA",$F$10,IF(A4="LA APARTADA",$F$11,IF(A4="LORICA",$F$12,IF(A4="LOS CORDOBAS",$F$13,IF(A4="MOMIL",$F$14,IF(A4="MONTELIBANO",$F$15,IF(A4="MOÑITOS",$F$16,IF(A4="PLANETA RICA",$F$17,IF(A4="PUEBLO NUEVO",$F$18,IF(A4="PUERTO ESCONDIDO",$F$19,IF(A4="PUERTO LIBERTADOR",$F$20,IF(A4="PURISIMA",$F$21,IF(A4="SAHAGUN",$F$22,IF(A4="SAN ANDRES SOTAVENTO",$F$23,IF(A4="SAN ANTERO",$F$24,IF(A4="SAN BERNARDO DEL VIENTO",$F$25,IF(A4="SAN CARLOS",$F$26,IF(A4="SAN JOSE DE URE",$F$27,IF(A4="SAN PELAYO",$F$28,IF(A4="TIERRALTA",$F$29,IF(A4="TUCHIN",$F$30,IF(A4="VALENCIA",$F$31))))))))))))))))))))))))))))))) -> FALSE | D4: =IFERROR(B4/C4*$F$34,"0") -> 0 | E4: BUENAVISTA | F4: 229
C5: =(IF(A5="MONTERIA",$F$2,IF(A5="AYAPEL",$F$3,IF(A5="BUENAVISTA",$F$4,IF(A5="CANALETE",$F$5,IF(A5="CERETE",$F$6,IF(A5="CHIMA",$F$7,IF(A5="CHINU",$F$8,IF(A5="CIENAGA DE ORO",$F$9,IF(A5="COTORRA",$F$10,IF(A5="LA APARTADA",$F$11,IF(A5="LORICA",$F$12,IF(A5="LOS CORDOBAS",$F$13,IF(A5="MOMIL",$F$14,IF(A5="MONTELIBANO",$F$15,IF(A5="MOÑITOS",$F$16,IF(A5="PLANETA RICA",$F$17,IF(A5="PUEBLO NUEVO",$F$18,IF(A5="PUERTO ESCONDIDO",$F$19,IF(A5="PUERTO LIBERTADOR",$F$20,IF(A5="PURISIMA",$F$21,IF(A5="SAHAGUN",$F$22,IF(A5="SAN ANDRES SOTAVENTO",$F$23,IF(A5="SAN ANTERO",$F$24,IF(A5="SAN BERNARDO DEL VIENTO",$F$25,IF(A5="SAN CARLOS",$F$26,IF(A5="SAN JOSE DE URE",$F$27,IF(A5="SAN PELAYO",$F$28,IF(A5="TIERRALTA",$F$29,IF(A5="TUCHIN",$F$30,IF(A5="VALENCIA",$F$31))))))))))))))))))))))))))))))) -> FALSE | D5: =IFERROR(B5/C5*$F$34,"0") -> 0 | E5: CANALETE | F5: 186
C6: =(IF(A6="MONTERIA",$F$2,IF(A6="AYAPEL",$F$3,IF(A6="BUENAVISTA",$F$4,IF(A6="CANALETE",$F$5,IF(A6="CERETE",$F$6,IF(A6="CHIMA",$F$7,IF(A6="CHINU",$F$8,IF(A6="CIENAGA DE ORO",$F$9,IF(A6="COTORRA",$F$10,IF(A6="LA APARTADA",$F$11,IF(A6="LORICA",$F$12,IF(A6="LOS CORDOBAS",$F$13,IF(A6="MOMIL",$F$14,IF(A6="MONTELIBANO",$F$15,IF(A6="MOÑITOS",$F$16,IF(A6="PLANETA RICA",$F$17,IF(A6="PUEBLO NUEVO",$F$18,IF(A6="PUERTO ESCONDIDO",$F$19,IF(A6="PUERTO LIBERTADOR",$F$20,IF(A6="PURISIMA",$F$21,IF(A6="SAHAGUN",$F$22,IF(A6="SAN ANDRES SOTAVENTO",$F$23,IF(A6="SAN ANTERO",$F$24,IF(A6="SAN BERNARDO DEL VIENTO",$F$25,IF(A6="SAN CARLOS",$F$26,IF(A6="SAN JOSE DE URE",$F$27,IF(A6="SAN PELAYO",$F$28,IF(A6="TIERRALTA",$F$29,IF(A6="TUCHIN",$F$30,IF(A6="VALENCIA",$F$31))))))))))))))))))))))))))))))) -> FALSE | D6: =IFERROR(B6/C6*$F$34,"0") -> 0 | E6: CERETE | F6: 899
C7: =(IF(A7="MONTERIA",$F$2,IF(A7="AYAPEL",$F$3,IF(A7="BUENAVISTA",$F$4,IF(A7="CANALETE",$F$5,IF(A7="CERETE",$F$6,IF(A7="CHIMA",$F$7,IF(A7="CHINU",$F$8,IF(A7="CIENAGA DE ORO",$F$9,IF(A7="COTORRA",$F$10,IF(A7="LA APARTADA",$F$11,IF(A7="LORICA",$F$12,IF(A7="LOS CORDOBAS",$F$13,IF(A7="MOMIL",$F$14,IF(A7="MONTELIBANO",$F$15,IF(A7="MOÑITOS",$F$16,IF(A7="PLANETA RICA",$F$17,IF(A7="PUEBLO NUEVO",$F$18,IF(A7="PUERTO ESCONDIDO",$F$19,IF(A7="PUERTO LIBERTADOR",$F$20,IF(A7="PURISIMA",$F$21,IF(A7="SAHAGUN",$F$22,IF(A7="SAN ANDRES SOTAVENTO",$F$23,IF(A7="SAN ANTERO",$F$24,IF(A7="SAN BERNARDO DEL VIENTO",$F$25,IF(A7="SAN CARLOS",$F$26,IF(A7="SAN JOSE DE URE",$F$27,IF(A7="SAN PELAYO",$F$28,IF(A7="TIERRALTA",$F$29,IF(A7="TUCHIN",$F$30,IF(A7="VALENCIA",$F$31))))))))))))))))))))))))))))))) -> FALSE | D7: =IFERROR(B7/C7*$F$34,"0") -> 0 | E7: CHIMA | F7: 110
C8: =(IF(A8="MONTERIA",$F$2,IF(A8="AYAPEL",$F$3,IF(A8="BUENAVISTA",$F$4,IF(A8="CANALETE",$F$5,IF(A8="CERETE",$F$6,IF(A8="CHIMA",$F$7,IF(A8="CHINU",$F$8,IF(A8="CIENAGA DE ORO",$F$9,IF(A8="COTORRA",$F$10,IF(A8="LA APARTADA",$F$11,IF(A8="LORICA",$F$12,IF(A8="LOS CORDOBAS",$F$13,IF(A8="MOMIL",$F$14,IF(A8="MONTELIBANO",$F$15,IF(A8="MOÑITOS",$F$16,IF(A8="PLANETA RICA",$F$17,IF(A8="PUEBLO NUEVO",$F$18,IF(A8="PUERTO ESCONDIDO",$F$19,IF(A8="PUERTO LIBERTADOR",$F$20,IF(A8="PURISIMA",$F$21,IF(A8="SAHAGUN",$F$22,IF(A8="SAN ANDRES SOTAVENTO",$F$23,IF(A8="SAN ANTERO",$F$24,IF(A8="SAN BERNARDO DEL VIENTO",$F$25,IF(A8="SAN CARLOS",$F$26,IF(A8="SAN JOSE DE URE",$F$27,IF(A8="SAN PELAYO",$F$28,IF(A8="TIERRALTA",$F$29,IF(A8="TUCHIN",$F$30,IF(A8="VALENCIA",$F$31))))))))))))))))))))))))))))))) -> FALSE | D8: =IFERROR(B8/C8*$F$34,"0") -> 0 | E8: CHINU | F8: 382
C9: =(IF(A9="MONTERIA",$F$2,IF(A9="AYAPEL",$F$3,IF(A9="BUENAVISTA",$F$4,IF(A9="CANALETE",$F$5,IF(A9="CERETE",$F$6,IF(A9="CHIMA",$F$7,IF(A9="CHINU",$F$8,IF(A9="CIENAGA DE ORO",$F$9,IF(A9="COTORRA",$F$10,IF(A9="LA APARTADA",$F$11,IF(A9="LORICA",$F$12,IF(A9="LOS CORDOBAS",$F$13,IF(A9="MOMIL",$F$14,IF(A9="MONTELIBANO",$F$15,IF(A9="MOÑITOS",$F$16,IF(A9="PLANETA RICA",$F$17,IF(A9="PUEBLO NUEVO",$F$18,IF(A9="PUERTO ESCONDIDO",$F$19,IF(A9="PUERTO LIBERTADOR",$F$20,IF(A9="PURISIMA",$F$21,IF(A9="SAHAGUN",$F$22,IF(A9="SAN ANDRES SOTAVENTO",$F$23,IF(A9="SAN ANTERO",$F$24,IF(A9="SAN BERNARDO DEL VIENTO",$F$25,IF(A9="SAN CARLOS",$F$26,IF(A9="SAN JOSE DE URE",$F$27,IF(A9="SAN PELAYO",$F$28,IF(A9="TIERRALTA",$F$29,IF(A9="TUCHIN",$F$30,IF(A9="VALENCIA",$F$31))))))))))))))))))))))))))))))) -> FALSE | D9: =IFERROR(B9/C9*$F$34,"0") -> 0 | E9: CIENAGA DE ORO | F9: 573
C10: =(IF(A10="MONTERIA",$F$2,IF(A10="AYAPEL",$F$3,IF(A10="BUENAVISTA",$F$4,IF(A10="CANALETE",$F$5,IF(A10="CERETE",$F$6,IF(A10="CHIMA",$F$7,IF(A10="CHINU",$F$8,IF(A10="CIENAGA DE ORO",$F$9,IF(A10="COTORRA",$F$10,IF(A10="LA APARTADA",$F$11,IF(A10="LORICA",$F$12,IF(A10="LOS CORDOBAS",$F$13,IF(A10="MOMIL",$F$14,IF(A10="MONTELIBANO",$F$15,IF(A10="MOÑITOS",$F$16,IF(A10="PLANETA RICA",$F$17,IF(A10="PUEBLO NUEVO",$F$18,IF(A10="PUERTO ESCONDIDO",$F$19,IF(A10="PUERTO LIBERTADOR",$F$20,IF(A10="PURISIMA",$F$21,IF(A10="SAHAGUN",$F$22,IF(A10="SAN ANDRES SOTAVENTO",$F$23,IF(A10="SAN ANTERO",$F$24,IF(A10="SAN BERNARDO DEL VIENTO",$F$25,IF(A10="SAN CARLOS",$F$26,IF(A10="SAN JOSE DE URE",$F$27,IF(A10="SAN PELAYO",$F$28,IF(A10="TIERRALTA",$F$29,IF(A10="TUCHIN",$F$30,IF(A10="VALENCIA",$F$31))))))))))))))))))))))))))))))) -> FALSE | D10: =IFERROR(B10/C10*$F$34,"0") -> 0 | E10: COTORRA | F10: 176
C11: =(IF(A11="MONTERIA",$F$2,IF(A11="AYAPEL",$F$3,IF(A11="BUENAVISTA",$F$4,IF(A11="CANALETE",$F$5,IF(A11="CERETE",$F$6,IF(A11="CHIMA",$F$7,IF(A11="CHINU",$F$8,IF(A11="CIENAGA DE ORO",$F$9,IF(A11="COTORRA",$F$10,IF(A11="LA APARTADA",$F$11,IF(A11="LORICA",$F$12,IF(A11="LOS CORDOBAS",$F$13,IF(A11="MOMIL",$F$14,IF(A11="MONTELIBANO",$F$15,IF(A11="MOÑITOS",$F$16,IF(A11="PLANETA RICA",$F$17,IF(A11="PUEBLO NUEVO",$F$18,IF(A11="PUERTO ESCONDIDO",$F$19,IF(A11="PUERTO LIBERTADOR",$F$20,IF(A11="PURISIMA",$F$21,IF(A11="SAHAGUN",$F$22,IF(A11="SAN ANDRES SOTAVENTO",$F$23,IF(A11="SAN ANTERO",$F$24,IF(A11="SAN BERNARDO DEL VIENTO",$F$25,IF(A11="SAN CARLOS",$F$26,IF(A11="SAN JOSE DE URE",$F$27,IF(A11="SAN PELAYO",$F$28,IF(A11="TIERRALTA",$F$29,IF(A11="TUCHIN",$F$30,IF(A11="VALENCIA",$F$31))))))))))))))))))))))))))))))) -> FALSE | D11: =IFERROR(B11/C11*$F$34,"0") -> 0 | E11: LA APARTADA | F11: 131
C12: =(IF(A12="MONTERIA",$F$2,IF(A12="AYAPEL",$F$3,IF(A12="BUENAVISTA",$F$4,IF(A12="CANALETE",$F$5,IF(A12="CERETE",$F$6,IF(A12="CHIMA",$F$7,IF(A12="CHINU",$F$8,IF(A12="CIENAGA DE ORO",$F$9,IF(A12="COTORRA",$F$10,IF(A12="LA APARTADA",$F$11,IF(A12="LORICA",$F$12,IF(A12="LOS CORDOBAS",$F$13,IF(A12="MOMIL",$F$14,IF(A12="MONTELIBANO",$F$15,IF(A12="MOÑITOS",$F$16,IF(A12="PLANETA RICA",$F$17,IF(A12="PUEBLO NUEVO",$F$18,IF(A12="PUERTO ESCONDIDO",$F$19,IF(A12="PUERTO LIBERTADOR",$F$20,IF(A12="PURISIMA",$F$21,IF(A12="SAHAGUN",$F$22,IF(A12="SAN ANDRES SOTAVENTO",$F$23,IF(A12="SAN ANTERO",$F$24,IF(A12="SAN BERNARDO DEL VIENTO",$F$25,IF(A12="SAN CARLOS",$F$26,IF(A12="SAN JOSE DE URE",$F$27,IF(A12="SAN PELAYO",$F$28,IF(A12="TIERRALTA",$F$29,IF(A12="TUCHIN",$F$30,IF(A12="VALENCIA",$F$31))))))))))))))))))))))))))))))) -> FALSE | D12: =IFERROR(B12/C12*$F$34,"0") -> 0 | E12: LORICA | F12: 1431
C13: =(IF(A13="MONTERIA",$F$2,IF(A13="AYAPEL",$F$3,IF(A13="BUENAVISTA",$F$4,IF(A13="CANALETE",$F$5,IF(A13="CERETE",$F$6,IF(A13="CHIMA",$F$7,IF(A13="CHINU",$F$8,IF(A13="CIENAGA DE ORO",$F$9,IF(A13="COTORRA",$F$10,IF(A13="LA APARTADA",$F$11,IF(A13="LORICA",$F$12,IF(A13="LOS CORDOBAS",$F$13,IF(A13="MOMIL",$F$14,IF(A13="MONTELIBANO",$F$15,IF(A13="MOÑITOS",$F$16,IF(A13="PLANETA RICA",$F$17,IF(A13="PUEBLO NUEVO",$F$18,IF(A13="PUERTO ESCONDIDO",$F$19,IF(A13="PUERTO LIBERTADOR",$F$20,IF(A13="PURISIMA",$F$21,IF(A13="SAHAGUN",$F$22,IF(A13="SAN ANDRES SOTAVENTO",$F$23,IF(A13="SAN ANTERO",$F$24,IF(A13="SAN BERNARDO DEL VIENTO",$F$25,IF(A13="SAN CARLOS",$F$26,IF(A13="SAN JOSE DE URE",$F$27,IF(A13="SAN PELAYO",$F$28,IF(A13="TIERRALTA",$F$29,IF(A13="TUCHIN",$F$30,IF(A13="VALENCIA",$F$31))))))))))))))))))))))))))))))) -> FALSE | D13: =IFERROR(B13/C13*$F$34,"0") -> 0 | E13: LOS CORDOBAS | F13: 190
... C31: =(IF(A31="MONTERIA",$F$2,IF(A31="AYAPEL",$F$3,IF(A31="BUENAVISTA",$F$4,IF(A31="CANALETE",$F$5,IF(A31="CERETE",$F$6,IF(A31="CHIMA",$F$7,IF(A31="CHINU",$F$8,IF(A31="CIENAGA DE ORO",$F$9,IF(A31="COTORRA",$F$10,IF(A31="LA APARTADA",$F$11,IF(A31="LORICA",$F$12,IF(A31="LOS CORDOBAS",$F$13,IF(A31="MOMIL",$F$14,IF(A31="MONTELIBANO",$F$15,IF(A31="MOÑITOS",$F$16,IF(A31="PLANETA RICA",$F$17,IF(A31="PUEBLO NUEVO",$F$18,IF(A31="PUERTO ESCONDIDO",$F$19,IF(A31="PUERTO LIBERTADOR",$F$20,IF(A31="PURISIMA",$F$21,IF(A31="SAHAGUN",$F$22,IF(A31="SAN ANDRES SOTAVENTO",$F$23,IF(A31="SAN ANTERO",$F$24,IF(A31="SAN BERNARDO DEL VIENTO",$F$25,IF(A31="SAN CARLOS",$F$26,IF(A31="SAN JOSE DE URE",$F$27,IF(A31="SAN PELAYO",$F$28,IF(A31="TIERRALTA",$F$29,IF(A31="TUCHIN",$F$30,IF(A31="VALENCIA",$F$31))))))))))))))))))))))))))))))) -> FALSE | D31: =IFERROR(B31/C31*$F$34,"0") -> 0 | E31: VALENCIA | F31: 400
A32: CÓRDOBA | B32: =SUM(B2:B31) -> 0 | C32: =F32 -> 18568 | D32: =IFERROR(B32/C32*$F$34,"0") -> 0 | E32: CÓRDOBA | F32: =SUM(F2:F31) -> 18568
A34: COEFICIENTE DE MULTIPLICACIÓN | F34: 1000

Sheet DIFERENCIA %
B2: . | C2: Año
B3: MUNICIPIO | C3: Anterior | D3: Actual | E3: Variación %
B4: MONTERIA | E4: =IF(C4=0,(D4*C4)+1,(D4/C4)-1) -> 1
B5: AYAPEL | E5: =IF(C5=0,(D5*C5)+1,(D5/C5)-1) -> 1
B6: BUENAVISTA | E6: =IF(C6=0,(D6*C6)+1,(D6/C6)-1) -> 1
B7: CANALETE | E7: =IF(C7=0,(D7*C7)+1,(D7/C7)-1) -> 1
B8: CERETE | E8: =IF(C8=0,(D8*C8)+1,(D8/C8)-1) -> 1
B9: CHIMA | E9: =IF(C9=0,(D9*C9)+1,(D9/C9)-1) -> 1
B10: CHINU | E10: =IF(C10=0,(D10*C10)+1,(D10/C10)-1) -> 1
B11: CIENAGA DE ORO | E11: =IF(C11=0,(D11*C11)+1,(D11/C11)-1) -> 1
B12: COTORRA | E12: =IF(C12=0,(D12*C12)+1,(D12/C12)-1) -> 1
B13: LA APARTADA | E13: =IF(C13=0,(D13*C13)+1,(D13/C13)-1) -> 1
B14: LORICA | E14: =IF(C14=0,(D14*C14)+1,(D14/C14)-1) -> 1
B15: LOS CORDOBAS | E15: =IF(C15=0,(D15*C15)+1,(D15/C15)-1) -> 1
... B33: VALENCIA | E33: =IF(C33=0,(D33*C33)+1,(D33/C33)-1) -> 1
B34: Total | C34: =SUM(C4:C33) -> 0 | D34: =SUM(D4:D33) -> 0 | E34: =IF(C34=0,(D34*C34)+1,(D34/C34)-1) -> 1

Sheet INC. POR SEXO 2022
A1: MUNICIPIO | B1: CASOS EN HOMBRES | C1: CASOS EN MUJERES | D1: POBLACIÓN HOMBRES | E1: POBLACIÓN MUJERES | F1: INCIDENCIA ACUMULADA HOMBRES | G1: INCIDENCIA ACUMULADA MUJERES | H1: MUNICIPIO | I1: POB. HOMBRES | J1: POB. MUJERES
D2: =(IF(A2="MONTERIA",$I$2,IF(A2="AYAPEL",$I$3,IF(A2="BUENAVISTA",$I$4,IF(A2="CANALETE",$I$5,IF(A2="CERETE",$I$6,IF(A2="CHIMA",$I$7,IF(A2="CHINU",$I$8,IF(A2="CIENAGA DE ORO",$I$9,IF(A2="COTORRA",$I$10,IF(A2="LA APARTADA",$I$11,IF(A2="LORICA",$I$12,IF(A2="LOS CORDOBAS",$I$13,IF(A2="MOMIL",$I$14,IF(A2="MONTELIBANO",$I$15,IF(A2="MOÑITOS",$I$16,IF(A2="PLANETA RICA",$I$17,IF(A2="PUEBLO NUEVO",$I$18,IF(A2="PUERTO ESCONDIDO",$I$19,IF(A2="PUERTO LIBERTADOR",$I$20,IF(A2="PURISIMA",$I$21,IF(A2="SAHAGUN",$I$22,IF(A2="SAN ANDRES SOTAVENTO",$I$23,IF(A2="SAN ANTERO",$I$24,IF(A2="SAN BERNARDO DEL VIENTO",$I$25,IF(A2="SAN CARLOS",$I$26,IF(A2="SAN JOSE DE URE",$I$27,IF(A2="SAN PELAYO",$I$28,IF(A2="TIERRALTA",$I$29,IF(A2="TUCHIN",$I$30,IF(A2="VALENCIA",$I$31))))))))))))))))))))))))))))))) -> FALSE | E2: =(IF(A2="MONTERIA",$J$2,IF(A2="AYAPEL",$J$3,IF(A2="BUENAVISTA",$J$4,IF(A2="CANALETE",$J$5,IF(A2="CERETE",$J$6,IF(A2="CHIMA",$J$7,IF(A2="CHINU",$J$8,IF(A2="CIENAGA DE ORO",$J$9,IF(A2="COTORRA",$J$10,IF(A2="LA APARTADA",$J$11,IF(A2="LORICA",$J$12,IF(A2="LOS CORDOBAS",$J$13,IF(A2="MOMIL",$J$14,IF(A2="MONTELIBANO",$J$15,IF(A2="MOÑITOS",$J$16,IF(A2="PLANETA RICA",$J$17,IF(A2="PUEBLO NUEVO",$J$18,IF(A2="PUERTO ESCONDIDO",$J$19,IF(A2="PUERTO LIBERTADOR",$J$20,IF(A2="PURISIMA",$J$21,IF(A2="SAHAGUN",$J$22,IF(A2="SAN ANDRES SOTAVENTO",$J$23,IF(A2="SAN ANTERO",$J$24,IF(A2="SAN BERNARDO DEL VIENTO",$J$25,IF(A2="SAN CARLOS",$J$26,IF(A2="SAN JOSE DE URE",$J$27,IF(A2="SAN PELAYO",$J$28,IF(A2="TIERRALTA",$J$29,IF(A2="TUCHIN",$J$30,IF(A2="VALENCIA",$J$31))))))))))))))))))))))))))))))) -> FALSE | F2: =IFERROR(B2/D2*100000,"0") -> 0 | G2: =IFERROR(C2/E2*100000,"0") -> 0 | H2: MONTERIA | I2: 249182 | J2: 263812
D3: =(IF(A3="MONTERIA",$I$2,IF(A3="AYAPEL",$I$3,IF(A3="BUENAVISTA",$I$4,IF(A3="CANALETE",$I$5,IF(A3="CERETE",$I$6,IF(A3="CHIMA",$I$7,IF(A3="CHINU",$I$8,IF(A3="CIENAGA DE ORO",$I$9,IF(A3="COTORRA",$I$10,IF(A3="LA APARTADA",$I$11,IF(A3="LORICA",$I$12,IF(A3="LOS CORDOBAS",$I$13,IF(A3="MOMIL",$I$14,IF(A3="MONTELIBANO",$I$15,IF(A3="MOÑITOS",$I$16,IF(A3="PLANETA RICA",$I$17,IF(A3="PUEBLO NUEVO",$I$18,IF(A3="PUERTO ESCONDIDO",$I$19,IF(A3="PUERTO LIBERTADOR",$I$20,IF(A3="PURISIMA",$I$21,IF(A3="SAHAGUN",$I$22,IF(A3="SAN ANDRES SOTAVENTO",$I$23,IF(A3="SAN ANTERO",$I$24,IF(A3="SAN BERNARDO DEL VIENTO",$I$25,IF(A3="SAN CARLOS",$I$26,IF(A3="SAN JOSE DE URE",$I$27,IF(A3="SAN PELAYO",$I$28,IF(A3="TIERRALTA",$I$29,IF(A3="TUCHIN",$I$30,IF(A3="VALENCIA",$I$31))))))))))))))))))))))))))))))) -> FALSE | E3: =(IF(A3="MONTERIA",$J$2,IF(A3="AYAPEL",$J$3,IF(A3="BUENAVISTA",$J$4,IF(A3="CANALETE",$J$5,IF(A3="CERETE",$J$6,IF(A3="CHIMA",$J$7,IF(A3="CHINU",$J$8,IF(A3="CIENAGA DE ORO",$J$9,IF(A3="COTORRA",$J$10,IF(A3="LA APARTADA",$J$11,IF(A3="LORICA",$J$12,IF(A3="LOS CORDOBAS",$J$13,IF(A3="MOMIL",$J$14,IF(A3="MONTELIBANO",$J$15,IF(A3="MOÑITOS",$J$16,IF(A3="PLANETA RICA",$J$17,IF(A3="PUEBLO NUEVO",$J$18,IF(A3="PUERTO ESCONDIDO",$J$19,IF(A3="PUERTO LIBERTADOR",$J$20,IF(A3="PURISIMA",$J$21,IF(A3="SAHAGUN",$J$22,IF(A3="SAN ANDRES SOTAVENTO",$J$23,IF(A3="SAN ANTERO",$J$24,IF(A3="SAN BERNARDO DEL VIENTO",$J$25,IF(A3="SAN CARLOS",$J$26,IF(A3="SAN JOSE DE URE",$J$27,IF(A3="SAN PELAYO",$J$28,IF(A3="TIERRALTA",$J$29,IF(A3="TUCHIN",$J$30,IF(A3="VALENCIA",$J$31))))))))))))))))))))))))))))))) -> FALSE | F3: =IFERROR(B3/D3*100000,"0") -> 0 | G3: =IFERROR(C3/E3*100000,"0") -> 0 | H3: AYAPEL | I3: 24329 | J3: 23625
D4: =(IF(A4="MONTERIA",$I$2,IF(A4="AYAPEL",$I$3,IF(A4="BUENAVISTA",$I$4,IF(A4="CANALETE",$I$5,IF(A4="CERETE",$I$6,IF(A4="CHIMA",$I$7,IF(A4="CHINU",$I$8,IF(A4="CIENAGA DE ORO",$I$9,IF(A4="COTORRA",$I$10,IF(A4="LA APARTADA",$I$11,IF(A4="LORICA",$I$12,IF(A4="LOS CORDOBAS",$I$13,IF(A4="MOMIL",$I$14,IF(A4="MONTELIBANO",$I$15,IF(A4="MOÑITOS",$I$16,IF(A4="PLANETA RICA",$I$17,IF(A4="PUEBLO NUEVO",$I$18,IF(A4="PUERTO ESCONDIDO",$I$19,IF(A4="PUERTO LIBERTADOR",$I$20,IF(A4="PURISIMA",$I$21,IF(A4="SAHAGUN",$I$22,IF(A4="SAN ANDRES SOTAVENTO",$I$23,IF(A4="SAN ANTERO",$I$24,IF(A4="SAN BERNARDO DEL VIENTO",$I$25,IF(A4="SAN CARLOS",$I$26,IF(A4="SAN JOSE DE URE",$I$27,IF(A4="SAN PELAYO",$I$28,IF(A4="TIERRALTA",$I$29,IF(A4="TUCHIN",$I$30,IF(A4="VALENCIA",$I$31))))))))))))))))))))))))))))))) -> FALSE | E4: =(IF(A4="MONTERIA",$J$2,IF(A4="AYAPEL",$J$3,IF(A4="BUENAVISTA",$J$4,IF(A4="CANALETE",$J$5,IF(A4="CERETE",$J$6,IF(A4="CHIMA",$J$7,IF(A4="CHINU",$J$8,IF(A4="CIENAGA DE ORO",$J$9,IF(A4="COTORRA",$J$10,IF(A4="LA APARTADA",$J$11,IF(A4="LORICA",$J$12,IF(A4="LOS CORDOBAS",$J$13,IF(A4="MOMIL",$J$14,IF(A4="MONTELIBANO",$J$15,IF(A4="MOÑITOS",$J$16,IF(A4="PLANETA RICA",$J$17,IF(A4="PUEBLO NUEVO",$J$18,IF(A4="PUERTO ESCONDIDO",$J$19,IF(A4="PUERTO LIBERTADOR",$J$20,IF(A4="PURISIMA",$J$21,IF(A4="SAHAGUN",$J$22,IF(A4="SAN ANDRES SOTAVENTO",$J$23,IF(A4="SAN ANTERO",$J$24,IF(A4="SAN BERNARDO DEL VIENTO",$J$25,IF(A4="SAN CARLOS",$J$26,IF(A4="SAN JOSE DE URE",$J$27,IF(A4="SAN PELAYO",$J$28,IF(A4="TIERRALTA",$J$29,IF(A4="TUCHIN",$J$30,IF(A4="VALENCIA",$J$31))))))))))))))))))))))))))))))) -> FALSE | F4: =IFERROR(B4/D4*100000,"0") -> 0 | G4: =IFERROR(C4/E4*100000,"0") -> 0 | H4: BUENAVISTA | I4: 11061 | J4: 10711
D5: =(IF(A5="MONTERIA",$I$2,IF(A5="AYAPEL",$I$3,IF(A5="BUENAVISTA",$I$4,IF(A5="CANALETE",$I$5,IF(A5="CERETE",$I$6,IF(A5="CHIMA",$I$7,IF(A5="CHINU",$I$8,IF(A5="CIENAGA DE ORO",$I$9,IF(A5="COTORRA",$I$10,IF(A5="LA APARTADA",$I$11,IF(A5="LORICA",$I$12,IF(A5="LOS CORDOBAS",$I$13,IF(A5="MOMIL",$I$14,IF(A5="MONTELIBANO",$I$15,IF(A5="MOÑITOS",$I$16,IF(A5="PLANETA RICA",$I$17,IF(A5="PUEBLO NUEVO",$I$18,IF(A5="PUERTO ESCONDIDO",$I$19,IF(A5="PUERTO LIBERTADOR",$I$20,IF(A5="PURISIMA",$I$21,IF(A5="SAHAGUN",$I$22,IF(A5="SAN ANDRES SOTAVENTO",$I$23,IF(A5="SAN ANTERO",$I$24,IF(A5="SAN BERNARDO DEL VIENTO",$I$25,IF(A5="SAN CARLOS",$I$26,IF(A5="SAN JOSE DE URE",$I$27,IF(A5="SAN PELAYO",$I$28,IF(A5="TIERRALTA",$I$29,IF(A5="TUCHIN",$I$30,IF(A5="VALENCIA",$I$31))))))))))))))))))))))))))))))) -> FALSE | E5: =(IF(A5="MONTERIA",$J$2,IF(A5="AYAPEL",$J$3,IF(A5="BUENAVISTA",$J$4,IF(A5="CANALETE",$J$5,IF(A5="CERETE",$J$6,IF(A5="CHIMA",$J$7,IF(A5="CHINU",$J$8,IF(A5="CIENAGA DE ORO",$J$9,IF(A5="COTORRA",$J$10,IF(A5="LA APARTADA",$J$11,IF(A5="LORICA",$J$12,IF(A5="LOS CORDOBAS",$J$13,IF(A5="MOMIL",$J$14,IF(A5="MONTELIBANO",$J$15,IF(A5="MOÑITOS",$J$16,IF(A5="PLANETA RICA",$J$17,IF(A5="PUEBLO NUEVO",$J$18,IF(A5="PUERTO ESCONDIDO",$J$19,IF(A5="PUERTO LIBERTADOR",$J$20,IF(A5="PURISIMA",$J$21,IF(A5="SAHAGUN",$J$22,IF(A5="SAN ANDRES SOTAVENTO",$J$23,IF(A5="SAN ANTERO",$J$24,IF(A5="SAN BERNARDO DEL VIENTO",$J$25,IF(A5="SAN CARLOS",$J$26,IF(A5="SAN JOSE DE URE",$J$27,IF(A5="SAN PELAYO",$J$28,IF(A5="TIERRALTA",$J$29,IF(A5="TUCHIN",$J$30,IF(A5="VALENCIA",$J$31))))))))))))))))))))))))))))))) -> FALSE | F5: =IFERROR(B5/D5*100000,"0") -> 0 | G5: =IFERROR(C5/E5*100000,"0") -> 0 | H5: CANALETE | I5: 7949 | J5: 7719
D6: =(IF(A6="MONTERIA",$I$2,IF(A6="AYAPEL",$I$3,IF(A6="BUENAVISTA",$I$4,IF(A6="CANALETE",$I$5,IF(A6="CERETE",$I$6,IF(A6="CHIMA",$I$7,IF(A6="CHINU",$I$8,IF(A6="CIENAGA DE ORO",$I$9,IF(A6="COTORRA",$I$10,IF(A6="LA APARTADA",$I$11,IF(A6="LORICA",$I$12,IF(A6="LOS CORDOBAS",$I$13,IF(A6="MOMIL",$I$14,IF(A6="MONTELIBANO",$I$15,IF(A6="MOÑITOS",$I$16,IF(A6="PLANETA RICA",$I$17,IF(A6="PUEBLO NUEVO",$I$18,IF(A6="PUERTO ESCONDIDO",$I$19,IF(A6="PUERTO LIBERTADOR",$I$20,IF(A6="PURISIMA",$I$21,IF(A6="SAHAGUN",$I$22,IF(A6="SAN ANDRES SOTAVENTO",$I$23,IF(A6="SAN ANTERO",$I$24,IF(A6="SAN BERNARDO DEL VIENTO",$I$25,IF(A6="SAN CARLOS",$I$26,IF(A6="SAN JOSE DE URE",$I$27,IF(A6="SAN PELAYO",$I$28,IF(A6="TIERRALTA",$I$29,IF(A6="TUCHIN",$I$30,IF(A6="VALENCIA",$I$31))))))))))))))))))))))))))))))) -> FALSE | E6: =(IF(A6="MONTERIA",$J$2,IF(A6="AYAPEL",$J$3,IF(A6="BUENAVISTA",$J$4,IF(A6="CANALETE",$J$5,IF(A6="CERETE",$J$6,IF(A6="CHIMA",$J$7,IF(A6="CHINU",$J$8,IF(A6="CIENAGA DE ORO",$J$9,IF(A6="COTORRA",$J$10,IF(A6="LA APARTADA",$J$11,IF(A6="LORICA",$J$12,IF(A6="LOS CORDOBAS",$J$13,IF(A6="MOMIL",$J$14,IF(A6="MONTELIBANO",$J$15,IF(A6="MOÑITOS",$J$16,IF(A6="PLANETA RICA",$J$17,IF(A6="PUEBLO NUEVO",$J$18,IF(A6="PUERTO ESCONDIDO",$J$19,IF(A6="PUERTO LIBERTADOR",$J$20,IF(A6="PURISIMA",$J$21,IF(A6="SAHAGUN",$J$22,IF(A6="SAN ANDRES SOTAVENTO",$J$23,IF(A6="SAN ANTERO",$J$24,IF(A6="SAN BERNARDO DEL VIENTO",$J$25,IF(A6="SAN CARLOS",$J$26,IF(A6="SAN JOSE DE URE",$J$27,IF(A6="SAN PELAYO",$J$28,IF(A6="TIERRALTA",$J$29,IF(A6="TUCHIN",$J$30,IF(A6="VALENCIA",$J$31))))))))))))))))))))))))))))))) -> FALSE | F6: =IFERROR(B6/D6*100000,"0") -> 0 | G6: =IFERROR(C6/E6*100000,"0") -> 0 | H6: CERETE | I6: 53786 | J6: 56246
D7: =(IF(A7="MONTERIA",$I$2,IF(A7="AYAPEL",$I$3,IF(A7="BUENAVISTA",$I$4,IF(A7="CANALETE",$I$5,IF(A7="CERETE",$I$6,IF(A7="CHIMA",$I$7,IF(A7="CHINU",$I$8,IF(A7="CIENAGA DE ORO",$I$9,IF(A7="COTORRA",$I$10,IF(A7="LA APARTADA",$I$11,IF(A7="LORICA",$I$12,IF(A7="LOS CORDOBAS",$I$13,IF(A7="MOMIL",$I$14,IF(A7="MONTELIBANO",$I$15,IF(A7="MOÑITOS",$I$16,IF(A7="PLANETA RICA",$I$17,IF(A7="PUEBLO NUEVO",$I$18,IF(A7="PUERTO ESCONDIDO",$I$19,IF(A7="PUERTO LIBERTADOR",$I$20,IF(A7="PURISIMA",$I$21,IF(A7="SAHAGUN",$I$22,IF(A7="SAN ANDRES SOTAVENTO",$I$23,IF(A7="SAN ANTERO",$I$24,IF(A7="SAN BERNARDO DEL VIENTO",$I$25,IF(A7="SAN CARLOS",$I$26,IF(A7="SAN JOSE DE URE",$I$27,IF(A7="SAN PELAYO",$I$28,IF(A7="TIERRALTA",$I$29,IF(A7="TUCHIN",$I$30,IF(A7="VALENCIA",$I$31))))))))))))))))))))))))))))))) -> FALSE | E7: =(IF(A7="MONTERIA",$J$2,IF(A7="AYAPEL",$J$3,IF(A7="BUENAVISTA",$J$4,IF(A7="CANALETE",$J$5,IF(A7="CERETE",$J$6,IF(A7="CHIMA",$J$7,IF(A7="CHINU",$J$8,IF(A7="CIENAGA DE ORO",$J$9,IF(A7="COTORRA",$J$10,IF(A7="LA APARTADA",$J$11,IF(A7="LORICA",$J$12,IF(A7="LOS CORDOBAS",$J$13,IF(A7="MOMIL",$J$14,IF(A7="MONTELIBANO",$J$15,IF(A7="MOÑITOS",$J$16,IF(A7="PLANETA RICA",$J$17,IF(A7="PUEBLO NUEVO",$J$18,IF(A7="PUERTO ESCONDIDO",$J$19,IF(A7="PUERTO LIBERTADOR",$J$20,IF(A7="PURISIMA",$J$21,IF(A7="SAHAGUN",$J$22,IF(A7="SAN ANDRES SOTAVENTO",$J$23,IF(A7="SAN ANTERO",$J$24,IF(A7="SAN BERNARDO DEL VIENTO",$J$25,IF(A7="SAN CARLOS",$J$26,IF(A7="SAN JOSE DE URE",$J$27,IF(A7="SAN PELAYO",$J$28,IF(A7="TIERRALTA",$J$29,IF(A7="TUCHIN",$J$30,IF(A7="VALENCIA",$J$31))))))))))))))))))))))))))))))) -> FALSE | F7: =IFERROR(B7/D7*100000,"0") -> 0 | G7: =IFERROR(C7/E7*100000,"0") -> 0 | H7: CHIMA | I7: 9308 | J7: 8865
D8: =(IF(A8="MONTERIA",$I$2,IF(A8="AYAPEL",$I$3,IF(A8="BUENAVISTA",$I$4,IF(A8="CANALETE",$I$5,IF(A8="CERETE",$I$6,IF(A8="CHIMA",$I$7,IF(A8="CHINU",$I$8,IF(A8="CIENAGA DE ORO",$I$9,IF(A8="COTORRA",$I$10,IF(A8="LA APARTADA",$I$11,IF(A8="LORICA",$I$12,IF(A8="LOS CORDOBAS",$I$13,IF(A8="MOMIL",$I$14,IF(A8="MONTELIBANO",$I$15,IF(A8="MOÑITOS",$I$16,IF(A8="PLANETA RICA",$I$17,IF(A8="PUEBLO NUEVO",$I$18,IF(A8="PUERTO ESCONDIDO",$I$19,IF(A8="PUERTO LIBERTADOR",$I$20,IF(A8="PURISIMA",$I$21,IF(A8="SAHAGUN",$I$22,IF(A8="SAN ANDRES SOTAVENTO",$I$23,IF(A8="SAN ANTERO",$I$24,IF(A8="SAN BERNARDO DEL VIENTO",$I$25,IF(A8="SAN CARLOS",$I$26,IF(A8="SAN JOSE DE URE",$I$27,IF(A8="SAN PELAYO",$I$28,IF(A8="TIERRALTA",$I$29,IF(A8="TUCHIN",$I$30,IF(A8="VALENCIA",$I$31))))))))))))))))))))))))))))))) -> FALSE | E8: =(IF(A8="MONTERIA",$J$2,IF(A8="AYAPEL",$J$3,IF(A8="BUENAVISTA",$J$4,IF(A8="CANALETE",$J$5,IF(A8="CERETE",$J$6,IF(A8="CHIMA",$J$7,IF(A8="CHINU",$J$8,IF(A8="CIENAGA DE ORO",$J$9,IF(A8="COTORRA",$J$10,IF(A8="LA APARTADA",$J$11,IF(A8="LORICA",$J$12,IF(A8="LOS CORDOBAS",$J$13,IF(A8="MOMIL",$J$14,IF(A8="MONTELIBANO",$J$15,IF(A8="MOÑITOS",$J$16,IF(A8="PLANETA RICA",$J$17,IF(A8="PUEBLO NUEVO",$J$18,IF(A8="PUERTO ESCONDIDO",$J$19,IF(A8="PUERTO LIBERTADOR",$J$20,IF(A8="PURISIMA",$J$21,IF(A8="SAHAGUN",$J$22,IF(A8="SAN ANDRES SOTAVENTO",$J$23,IF(A8="SAN ANTERO",$J$24,IF(A8="SAN BERNARDO DEL VIENTO",$J$25,IF(A8="SAN CARLOS",$J$26,IF(A8="SAN JOSE DE URE",$J$27,IF(A8="SAN PELAYO",$J$28,IF(A8="TIERRALTA",$J$29,IF(A8="TUCHIN",$J$30,IF(A8="VALENCIA",$J$31))))))))))))))))))))))))))))))) -> FALSE | F8: =IFERROR(B8/D8*100000,"0") -> 0 | G8: =IFERROR(C8/E8*100000,"0") -> 0 | H8: CHINU | I8: 25118 | J8: 24304
D9: =(IF(A9="MONTERIA",$I$2,IF(A9="AYAPEL",$I$3,IF(A9="BUENAVISTA",$I$4,IF(A9="CANALETE",$I$5,IF(A9="CERETE",$I$6,IF(A9="CHIMA",$I$7,IF(A9="CHINU",$I$8,IF(A9="CIENAGA DE ORO",$I$9,IF(A9="COTORRA",$I$10,IF(A9="LA APARTADA",$I$11,IF(A9="LORICA",$I$12,IF(A9="LOS CORDOBAS",$I$13,IF(A9="MOMIL",$I$14,IF(A9="MONTELIBANO",$I$15,IF(A9="MOÑITOS",$I$16,IF(A9="PLANETA RICA",$I$17,IF(A9="PUEBLO NUEVO",$I$18,IF(A9="PUERTO ESCONDIDO",$I$19,IF(A9="PUERTO LIBERTADOR",$I$20,IF(A9="PURISIMA",$I$21,IF(A9="SAHAGUN",$I$22,IF(A9="SAN ANDRES SOTAVENTO",$I$23,IF(A9="SAN ANTERO",$I$24,IF(A9="SAN BERNARDO DEL VIENTO",$I$25,IF(A9="SAN CARLOS",$I$26,IF(A9="SAN JOSE DE URE",$I$27,IF(A9="SAN PELAYO",$I$28,IF(A9="TIERRALTA",$I$29,IF(A9="TUCHIN",$I$30,IF(A9="VALENCIA",$I$31))))))))))))))))))))))))))))))) -> FALSE | E9: =(IF(A9="MONTERIA",$J$2,IF(A9="AYAPEL",$J$3,IF(A9="BUENAVISTA",$J$4,IF(A9="CANALETE",$J$5,IF(A9="CERETE",$J$6,IF(A9="CHIMA",$J$7,IF(A9="CHINU",$J$8,IF(A9="CIENAGA DE ORO",$J$9,IF(A9="COTORRA",$J$10,IF(A9="LA APARTADA",$J$11,IF(A9="LORICA",$J$12,IF(A9="LOS CORDOBAS",$J$13,IF(A9="MOMIL",$J$14,IF(A9="MONTELIBANO",$J$15,IF(A9="MOÑITOS",$J$16,IF(A9="PLANETA RICA",$J$17,IF(A9="PUEBLO NUEVO",$J$18,IF(A9="PUERTO ESCONDIDO",$J$19,IF(A9="PUERTO LIBERTADOR",$J$20,IF(A9="PURISIMA",$J$21,IF(A9="SAHAGUN",$J$22,IF(A9="SAN ANDRES SOTAVENTO",$J$23,IF(A9="SAN ANTERO",$J$24,IF(A9="SAN BERNARDO DEL VIENTO",$J$25,IF(A9="SAN CARLOS",$J$26,IF(A9="SAN JOSE DE URE",$J$27,IF(A9="SAN PELAYO",$J$28,IF(A9="TIERRALTA",$J$29,IF(A9="TUCHIN",$J$30,IF(A9="VALENCIA",$J$31))))))))))))))))))))))))))))))) -> FALSE | F9: =IFERROR(B9/D9*100000,"0") -> 0 | G9: =IFERROR(C9/E9*100000,"0") -> 0 | H9: CIENAGA DE ORO | I9: 30970 | J9: 30456
D10: =(IF(A10="MONTERIA",$I$2,IF(A10="AYAPEL",$I$3,IF(A10="BUENAVISTA",$I$4,IF(A10="CANALETE",$I$5,IF(A10="CERETE",$I$6,IF(A10="CHIMA",$I$7,IF(A10="CHINU",$I$8,IF(A10="CIENAGA DE ORO",$I$9,IF(A10="COTORRA",$I$10,IF(A10="LA APARTADA",$I$11,IF(A10="LORICA",$I$12,IF(A10="LOS CORDOBAS",$I$13,IF(A10="MOMIL",$I$14,IF(A10="MONTELIBANO",$I$15,IF(A10="MOÑITOS",$I$16,IF(A10="PLANETA RICA",$I$17,IF(A10="PUEBLO NUEVO",$I$18,IF(A10="PUERTO ESCONDIDO",$I$19,IF(A10="PUERTO LIBERTADOR",$I$20,IF(A10="PURISIMA",$I$21,IF(A10="SAHAGUN",$I$22,IF(A10="SAN ANDRES SOTAVENTO",$I$23,IF(A10="SAN ANTERO",$I$24,IF(A10="SAN BERNARDO DEL VIENTO",$I$25,IF(A10="SAN CARLOS",$I$26,IF(A10="SAN JOSE DE URE",$I$27,IF(A10="SAN PELAYO",$I$28,IF(A10="TIERRALTA",$I$29,IF(A10="TUCHIN",$I$30,IF(A10="VALENCIA",$I$31))))))))))))))))))))))))))))))) -> FALSE | E10: =(IF(A10="MONTERIA",$J$2,IF(A10="AYAPEL",$J$3,IF(A10="BUENAVISTA",$J$4,IF(A10="CANALETE",$J$5,IF(A10="CERETE",$J$6,IF(A10="CHIMA",$J$7,IF(A10="CHINU",$J$8,IF(A10="CIENAGA DE ORO",$J$9,IF(A10="COTORRA",$J$10,IF(A10="LA APARTADA",$J$11,IF(A10="LORICA",$J$12,IF(A10="LOS CORDOBAS",$J$13,IF(A10="MOMIL",$J$14,IF(A10="MONTELIBANO",$J$15,IF(A10="MOÑITOS",$J$16,IF(A10="PLANETA RICA",$J$17,IF(A10="PUEBLO NUEVO",$J$18,IF(A10="PUERTO ESCONDIDO",$J$19,IF(A10="PUERTO LIBERTADOR",$J$20,IF(A10="PURISIMA",$J$21,IF(A10="SAHAGUN",$J$22,IF(A10="SAN ANDRES SOTAVENTO",$J$23,IF(A10="SAN ANTERO",$J$24,IF(A10="SAN BERNARDO DEL VIENTO",$J$25,IF(A10="SAN CARLOS",$J$26,IF(A10="SAN JOSE DE URE",$J$27,IF(A10="SAN PELAYO",$J$28,IF(A10="TIERRALTA",$J$29,IF(A10="TUCHIN",$J$30,IF(A10="VALENCIA",$J$31))))))))))))))))))))))))))))))) -> FALSE | F10: =IFERROR(B10/D10*100000,"0") -> 0 | G10: =IFERROR(C10/E10*100000,"0") -> 0 | H10: COTORRA | I10: 9927 | J10: 9918
D11: =(IF(A11="MONTERIA",$I$2,IF(A11="AYAPEL",$I$3,IF(A11="BUENAVISTA",$I$4,IF(A11="CANALETE",$I$5,IF(A11="CERETE",$I$6,IF(A11="CHIMA",$I$7,IF(A11="CHINU",$I$8,IF(A11="CIENAGA DE ORO",$I$9,IF(A11="COTORRA",$I$10,IF(A11="LA APARTADA",$I$11,IF(A11="LORICA",$I$12,IF(A11="LOS CORDOBAS",$I$13,IF(A11="MOMIL",$I$14,IF(A11="MONTELIBANO",$I$15,IF(A11="MOÑITOS",$I$16,IF(A11="PLANETA RICA",$I$17,IF(A11="PUEBLO NUEVO",$I$18,IF(A11="PUERTO ESCONDIDO",$I$19,IF(A11="PUERTO LIBERTADOR",$I$20,IF(A11="PURISIMA",$I$21,IF(A11="SAHAGUN",$I$22,IF(A11="SAN ANDRES SOTAVENTO",$I$23,IF(A11="SAN ANTERO",$I$24,IF(A11="SAN BERNARDO DEL VIENTO",$I$25,IF(A11="SAN CARLOS",$I$26,IF(A11="SAN JOSE DE URE",$I$27,IF(A11="SAN PELAYO",$I$28,IF(A11="TIERRALTA",$I$29,IF(A11="TUCHIN",$I$30,IF(A11="VALENCIA",$I$31))))))))))))))))))))))))))))))) -> FALSE | E11: =(IF(A11="MONTERIA",$J$2,IF(A11="AYAPEL",$J$3,IF(A11="BUENAVISTA",$J$4,IF(A11="CANALETE",$J$5,IF(A11="CERETE",$J$6,IF(A11="CHIMA",$J$7,IF(A11="CHINU",$J$8,IF(A11="CIENAGA DE ORO",$J$9,IF(A11="COTORRA",$J$10,IF(A11="LA APARTADA",$J$11,IF(A11="LORICA",$J$12,IF(A11="LOS CORDOBAS",$J$13,IF(A11="MOMIL",$J$14,IF(A11="MONTELIBANO",$J$15,IF(A11="MOÑITOS",$J$16,IF(A11="PLANETA RICA",$J$17,IF(A11="PUEBLO NUEVO",$J$18,IF(A11="PUERTO ESCONDIDO",$J$19,IF(A11="PUERTO LIBERTADOR",$J$20,IF(A11="PURISIMA",$J$21,IF(A11="SAHAGUN",$J$22,IF(A11="SAN ANDRES SOTAVENTO",$J$23,IF(A11="SAN ANTERO",$J$24,IF(A11="SAN BERNARDO DEL VIENTO",$J$25,IF(A11="SAN CARLOS",$J$26,IF(A11="SAN JOSE DE URE",$J$27,IF(A11="SAN PELAYO",$J$28,IF(A11="TIERRALTA",$J$29,IF(A11="TUCHIN",$J$30,IF(A11="VALENCIA",$J$31))))))))))))))))))))))))))))))) -> FALSE | F11: =IFERROR(B11/D11*100000,"0") -> 0 | G11: =IFERROR(C11/E11*100000,"0") -> 0 | H11: LA APARTADA | I11: 7755 | J11: 7691
D12: =(IF(A12="MONTERIA",$I$2,IF(A12="AYAPEL",$I$3,IF(A12="BUENAVISTA",$I$4,IF(A12="CANALETE",$I$5,IF(A12="CERETE",$I$6,IF(A12="CHIMA",$I$7,IF(A12="CHINU",$I$8,IF(A12="CIENAGA DE ORO",$I$9,IF(A12="COTORRA",$I$10,IF(A12="LA APARTADA",$I$11,IF(A12="LORICA",$I$12,IF(A12="LOS CORDOBAS",$I$13,IF(A12="MOMIL",$I$14,IF(A12="MONTELIBANO",$I$15,IF(A12="MOÑITOS",$I$16,IF(A12="PLANETA RICA",$I$17,IF(A12="PUEBLO NUEVO",$I$18,IF(A12="PUERTO ESCONDIDO",$I$19,IF(A12="PUERTO LIBERTADOR",$I$20,IF(A12="PURISIMA",$I$21,IF(A12="SAHAGUN",$I$22,IF(A12="SAN ANDRES SOTAVENTO",$I$23,IF(A12="SAN ANTERO",$I$24,IF(A12="SAN BERNARDO DEL VIENTO",$I$25,IF(A12="SAN CARLOS",$I$26,IF(A12="SAN JOSE DE URE",$I$27,IF(A12="SAN PELAYO",$I$28,IF(A12="TIERRALTA",$I$29,IF(A12="TUCHIN",$I$30,IF(A12="VALENCIA",$I$31))))))))))))))))))))))))))))))) -> FALSE | E12: =(IF(A12="MONTERIA",$J$2,IF(A12="AYAPEL",$J$3,IF(A12="BUENAVISTA",$J$4,IF(A12="CANALETE",$J$5,IF(A12="CERETE",$J$6,IF(A12="CHIMA",$J$7,IF(A12="CHINU",$J$8,IF(A12="CIENAGA DE ORO",$J$9,IF(A12="COTORRA",$J$10,IF(A12="LA APARTADA",$J$11,IF(A12="LORICA",$J$12,IF(A12="LOS CORDOBAS",$J$13,IF(A12="MOMIL",$J$14,IF(A12="MONTELIBANO",$J$15,IF(A12="MOÑITOS",$J$16,IF(A12="PLANETA RICA",$J$17,IF(A12="PUEBLO NUEVO",$J$18,IF(A12="PUERTO ESCONDIDO",$J$19,IF(A12="PUERTO LIBERTADOR",$J$20,IF(A12="PURISIMA",$J$21,IF(A12="SAHAGUN",$J$22,IF(A12="SAN ANDRES SOTAVENTO",$J$23,IF(A12="SAN ANTERO",$J$24,IF(A12="SAN BERNARDO DEL VIENTO",$J$25,IF(A12="SAN CARLOS",$J$26,IF(A12="SAN JOSE DE URE",$J$27,IF(A12="SAN PELAYO",$J$28,IF(A12="TIERRALTA",$J$29,IF(A12="TUCHIN",$J$30,IF(A12="VALENCIA",$J$31))))))))))))))))))))))))))))))) -> FALSE | F12: =IFERROR(B12/D12*100000,"0") -> 0 | G12: =IFERROR(C12/E12*100000,"0") -> 0 | H12: LORICA | I12: 57369 | J12: 59819
D13: =(IF(A13="MONTERIA",$I$2,IF(A13="AYAPEL",$I$3,IF(A13="BUENAVISTA",$I$4,IF(A13="CANALETE",$I$5,IF(A13="CERETE",$I$6,IF(A13="CHIMA",$I$7,IF(A13="CHINU",$I$8,IF(A13="CIENAGA DE ORO",$I$9,IF(A13="COTORRA",$I$10,IF(A13="LA APARTADA",$I$11,IF(A13="LORICA",$I$12,IF(A13="LOS CORDOBAS",$I$13,IF(A13="MOMIL",$I$14,IF(A13="MONTELIBANO",$I$15,IF(A13="MOÑITOS",$I$16,IF(A13="PLANETA RICA",$I$17,IF(A13="PUEBLO NUEVO",$I$18,IF(A13="PUERTO ESCONDIDO",$I$19,IF(A13="PUERTO LIBERTADOR",$I$20,IF(A13="PURISIMA",$I$21,IF(A13="SAHAGUN",$I$22,IF(A13="SAN ANDRES SOTAVENTO",$I$23,IF(A13="SAN ANTERO",$I$24,IF(A13="SAN BERNARDO DEL VIENTO",$I$25,IF(A13="SAN CARLOS",$I$26,IF(A13="SAN JOSE DE URE",$I$27,IF(A13="SAN PELAYO",$I$28,IF(A13="TIERRALTA",$I$29,IF(A13="TUCHIN",$I$30,IF(A13="VALENCIA",$I$31))))))))))))))))))))))))))))))) -> FALSE | E13: =(IF(A13="MONTERIA",$J$2,IF(A13="AYAPEL",$J$3,IF(A13="BUENAVISTA",$J$4,IF(A13="CANALETE",$J$5,IF(A13="CERETE",$J$6,IF(A13="CHIMA",$J$7,IF(A13="CHINU",$J$8,IF(A13="CIENAGA DE ORO",$J$9,IF(A13="COTORRA",$J$10,IF(A13="LA APARTADA",$J$11,IF(A13="LORICA",$J$12,IF(A13="LOS CORDOBAS",$J$13,IF(A13="MOMIL",$J$14,IF(A13="MONTELIBANO",$J$15,IF(A13="MOÑITOS",$J$16,IF(A13="PLANETA RICA",$J$17,IF(A13="PUEBLO NUEVO",$J$18,IF(A13="PUERTO ESCONDIDO",$J$19,IF(A13="PUERTO LIBERTADOR",$J$20,IF(A13="PURISIMA",$J$21,IF(A13="SAHAGUN",$J$22,IF(A13="SAN ANDRES SOTAVENTO",$J$23,IF(A13="SAN ANTERO",$J$24,IF(A13="SAN BERNARDO DEL VIENTO",$J$25,IF(A13="SAN CARLOS",$J$26,IF(A13="SAN JOSE DE URE",$J$27,IF(A13="SAN PELAYO",$J$28,IF(A13="TIERRALTA",$J$29,IF(A13="TUCHIN",$J$30,IF(A13="VALENCIA",$J$31))))))))))))))))))))))))))))))) -> FALSE | F13: =IFERROR(B13/D13*100000,"0") -> 0 | G13: =IFERROR(C13/E13*100000,"0") -> 0 | H13: LOS CORDOBAS | I13: 9963 | J13: 9644
... D31: =(IF(A31="MONTERIA",$I$2,IF(A31="AYAPEL",$I$3,IF(A31="BUENAVISTA",$I$4,IF(A31="CANALETE",$I$5,IF(A31="CERETE",$I$6,IF(A31="CHIMA",$I$7,IF(A31="CHINU",$I$8,IF(A31="CIENAGA DE ORO",$I$9,IF(A31="COTORRA",$I$10,IF(A31="LA APARTADA",$I$11,IF(A31="LORICA",$I$12,IF(A31="LOS CORDOBAS",$I$13,IF(A31="MOMIL",$I$14,IF(A31="MONTELIBANO",$I$15,IF(A31="MOÑITOS",$I$16,IF(A31="PLANETA RICA",$I$17,IF(A31="PUEBLO NUEVO",$I$18,IF(A31="PUERTO ESCONDIDO",$I$19,IF(A31="PUERTO LIBERTADOR",$I$20,IF(A31="PURISIMA",$I$21,IF(A31="SAHAGUN",$I$22,IF(A31="SAN ANDRES SOTAVENTO",$I$23,IF(A31="SAN ANTERO",$I$24,IF(A31="SAN BERNARDO DEL VIENTO",$I$25,IF(A31="SAN CARLOS",$I$26,IF(A31="SAN JOSE DE URE",$I$27,IF(A31="SAN PELAYO",$I$28,IF(A31="TIERRALTA",$I$29,IF(A31="TUCHIN",$I$30,IF(A31="VALENCIA",$I$31))))))))))))))))))))))))))))))) -> FALSE | E31: =(IF(A31="MONTERIA",$J$2,IF(A31="AYAPEL",$J$3,IF(A31="BUENAVISTA",$J$4,IF(A31="CANALETE",$J$5,IF(A31="CERETE",$J$6,IF(A31="CHIMA",$J$7,IF(A31="CHINU",$J$8,IF(A31="CIENAGA DE ORO",$J$9,IF(A31="COTORRA",$J$10,IF(A31="LA APARTADA",$J$11,IF(A31="LORICA",$J$12,IF(A31="LOS CORDOBAS",$J$13,IF(A31="MOMIL",$J$14,IF(A31="MONTELIBANO",$J$15,IF(A31="MOÑITOS",$J$16,IF(A31="PLANETA RICA",$J$17,IF(A31="PUEBLO NUEVO",$J$18,IF(A31="PUERTO ESCONDIDO",$J$19,IF(A31="PUERTO LIBERTADOR",$J$20,IF(A31="PURISIMA",$J$21,IF(A31="SAHAGUN",$J$22,IF(A31="SAN ANDRES SOTAVENTO",$J$23,IF(A31="SAN ANTERO",$J$24,IF(A31="SAN BERNARDO DEL VIENTO",$J$25,IF(A31="SAN CARLOS",$J$26,IF(A31="SAN JOSE DE URE",$J$27,IF(A31="SAN PELAYO",$J$28,IF(A31="TIERRALTA",$J$29,IF(A31="TUCHIN",$J$30,IF(A31="VALENCIA",$J$31))))))))))))))))))))))))))))))) -> FALSE | F31: =IFERROR(B31/D31*100000,"0") -> 0 | G31: =IFERROR(C31/E31*100000,"0") -> 0 | H31: VALENCIA | I31: 18397 | J31: 18489
A32: CÓRDOBA | B32: =SUM(B2:B31) -> 0 | C32: =SUM(C2:C31) -> 0 | D32: 882814 | E32: 879716 | F32: =B32/D32*100000 -> 0 | G32: =C32/E32*100000 -> 0 | H32: CÓRDOBA | I32: =SUM(I2:I31) -> 922562 | J32: =SUM(J2:J31) -> 933934

Sheet POBLACIÓN
A1: DEPARTAMENTO DE CÓRDOBA
A2: PROYECCIONES DE POBLACIÓN 2021 - 2023 TOTAL MUNICIPAL POR ÁREA
A4: DP | B4: DPNOM | C4: DPMP | D4: MPIO | E4: TOTAL | H4: URBANA | K4: RURAL
E5: 2021 | F5: 2022 | G5: 2023 | H5: 2021 | I5: 2022 | J5: 2023 | K5: 2021 | L5: 2022 | M5: 2023
A6: 23 | B6: Córdoba | C6: 23001 | D6: MONTERIA | E6: 509558 | F6: 512994 | G6: 516217 | H6: 397922 | I6: 400073 | J6: 402069 | K6: 111636 | L6: 112921 | M6: 114148
A7: 23 | B7: Córdoba | C7: 23068 | D7: AYAPEL | E7: 47633 | F7: 47954 | G7: 48255 | H7: 27856 | I7: 27949 | J7: 28033 | K7: 19777 | L7: 20005 | M7: 20222
A8: 23 | B8: Córdoba | C8: 23079 | D8: BUENAVISTA | E8: 21626 | F8: 21772 | G8: 21909 | H8: 7883 | I8: 7870 | J8: 7857 | K8: 13743 | L8: 13902 | M8: 14052
A9: 23 | B9: Córdoba | C9: 23090 | D9: CANALETE | E9: 15563 | F9: 15668 | G9: 15766 | H9: 3892 | I9: 3862 | J9: 3832 | K9: 11671 | L9: 11806 | M9: 11934
A10: 23 | B10: Córdoba | C10: 23162 | D10: CERETE | E10: 109299 | F10: 110032 | G10: 110723 | H10: 60468 | I10: 60639 | J10: 60795 | K10: 48831 | L10: 49393 | M10: 49928
A11: 23 | B11: Córdoba | C11: 23168 | D11: CHIMA | E11: 18051 | F11: 18173 | G11: 18287 | H11: 3734 | I11: 3691 | J11: 3648 | K11: 14317 | L11: 14482 | M11: 14639
A12: 23 | B12: Córdoba | C12: 23182 | D12: CHINU | E12: 49092 | F12: 49422 | G12: 49733 | H12: 20027 | I12: 20022 | J12: 20014 | K12: 29065 | L12: 29400 | M12: 29719
A13: 23 | B13: Córdoba | C13: 23189 | D13: CIENAGA DE ORO | E13: 61016 | F13: 61426 | G13: 61812 | H13: 22346 | I13: 22310 | J13: 22271 | K13: 38670 | L13: 39116 | M13: 39541
A14: 23 | B14: Córdoba | C14: 23300 | D14: COTORRA | E14: 19712 | F14: 19845 | G14: 19970 | H14: 6139 | I14: 6116 | J14: 6092 | K14: 13573 | L14: 13729 | M14: 13878
A15: 23 | B15: Córdoba | C15: 23350 | D15: LA APARTADA | E15: 15342 | F15: 15446 | G15: 15543 | H15: 11635 | I15: 11696 | J15: 11752 | K15: 3707 | L15: 3750 | M15: 3791
A16: 23 | B16: Córdoba | C16: 23417 | D16: LORICA | E16: 116404 | F16: 117188 | G16: 117924 | H16: 54563 | I16: 54633 | J16: 54691 | K16: 61841 | L16: 62555 | M16: 63233
A17: 23 | B17: Córdoba | C17: 23419 | D17: LOS CORDOBAS | E17: 19476 | F17: 19607 | G17: 19730 | H17: 3826 | I17: 3776 | J17: 3728 | K17: 15650 | L17: 15831 | M17: 16002
... A35: 23 | B35: Córdoba | C35: 23855 | D35: VALENCIA | E35: 36640 | F35: 36886 | G35: 37118 | H35: 16774 | I35: 16791 | J35: 16805 | K35: 19866 | L35: 20095 | M35: 20313
A36: TOTAL DEPARTAMENTO | E36: =SUM(E6:E35) -> 1844076 | F36: =SUM(F6:F35) -> 1856496 | G36: =SUM(G6:G35) -> 1868166 | H36: =SUM(H6:H35) -> 955630 | I36: =SUM(I6:I35) -> 957804 | J36: =SUM(J6:J35) -> 959723 | K36: =SUM(K6:K35) -> 888446 | L36: =SUM(L6:L35) -> 898692 | M36: =SUM(M6:M35) -> 908443

Sheet POBLACIÓN <5 AÑOS
A1: DEPARTAMENTO DE CÓRDOBA
A2: PROYECCIONES DE POBLACIÓN 2022 - 2023 MUNICIPAL
A4: DP | B4: DPNOM | C4: DPMP | D4: MPIO | E4: POB. < DE 5 AÑOS
E5: 2022 | F5: 2023
A6: 23 | B6: Córdoba | C6: 23001 | D6: MONTERIA | E6: 41183 | F6: 40672
A7: 23 | B7: Córdoba | C7: 23068 | D7: AYAPEL | E7: 4811 | F7: 4755
A8: 23 | B8: Córdoba | C8: 23079 | D8: BUENAVISTA | E8: 1990 | F8: 1967
A9: 23 | B9: Córdoba | C9: 23090 | D9: CANALETE | E9: 1436 | F9: 1420
A10: 23 | B10: Córdoba | C10: 23162 | D10: CERETE | E10: 8355 | F10: 8243
A11: 23 | B11: Córdoba | C11: 23168 | D11: CHIMA | E11: 1312 | F11: 1295
A12: 23 | B12: Córdoba | C12: 23182 | D12: CHINU | E12: 3725 | F12: 3676
A13: 23 | B13: Córdoba | C13: 23189 | D13: CIENAGA DE ORO | E13: 4849 | F13: 4787
A14: 23 | B14: Córdoba | C14: 23300 | D14: COTORRA | E14: 1502 | F14: 1483
A15: 23 | B15: Córdoba | C15: 23350 | D15: LA APARTADA | E15: 1427 | F15: 1411
A16: 23 | B16: Córdoba | C16: 23417 | D16: LORICA | E16: 9595 | F16: 9471
A17: 23 | B17: Córdoba | C17: 23419 | D17: LOS CORDOBAS | E17: 1804 | F17: 1783
... A35: 23 | B35: Córdoba | C35: 23855 | D35: VALENCIA | E35: 3182 | F35: 3145
A36: TOTAL DEPARTAMENTO | E36: =SUM(E6:E35) -> 162486 | F36: =SUM(F6:F35) -> 160543

Sheet POBLACIÓN <18 AÑOS
A1: DEPARTAMENTO DE CÓRDOBA
A2: PROYECCIONES DE POBLACIÓN 2022 - 2023 MUNICIPAL
A4: DP | B4: DPNOM | C4: DPMP | D4: MPIO | E4: POB. < DE 18 AÑOS
E5: 2022 | F5: 2023
A6: 23 | B6: Córdoba | C6: 23001 | D6: MONTERIA | E6: 147567 | F6: 146626
A7: 23 | B7: Córdoba | C7: 23068 | D7: AYAPEL | E7: 17257 | F7: 17194
A8: 23 | B8: Córdoba | C8: 23079 | D8: BUENAVISTA | E8: 7457 | F8: 7448
A9: 23 | B9: Córdoba | C9: 23090 | D9: CANALETE | E9: 5408 | F9: 5408
A10: 23 | B10: Córdoba | C10: 23162 | D10: CERETE | E10: 30236 | F10: 30082
A11: 23 | B11: Córdoba | C11: 23168 | D11: CHIMA | E11: 5097 | F11: 5095
A12: 23 | B12: Córdoba | C12: 23182 | D12: CHINU | E12: 13474 | F12: 13426
A13: 23 | B13: Córdoba | C13: 23189 | D13: CIENAGA DE ORO | E13: 18082 | F13: 18046
A14: 23 | B14: Córdoba | C14: 23300 | D14: COTORRA | E14: 5573 | F14: 5562
A15: 23 | B15: Córdoba | C15: 23350 | D15: LA APARTADA | E15: 5117 | F15: 5085
A16: 23 | B16: Córdoba | C16: 23417 | D16: LORICA | E16: 34689 | F16: 34559
A17: 23 | B17: Córdoba | C17: 23419 | D17: LOS CORDOBAS | E17: 6721 | F17: 6722
... A35: 23 | B35: Córdoba | C35: 23855 | D35: VALENCIA | E35: 12311 | F35: 12280
A36: TOTAL DEPARTAMENTO | E36: =SUM(E6:E35) -> 582805 | F36: =SUM(F6:F35) -> 580919

Sheet Mapa incidencia
B9: Municipio | C9: Número de casos | D9: Población | E9: Incidencia X 100.000 hab. | F9: Convención
B10: Monteria | C10: =IFERROR(VLOOKUP(B10,'INCIDENCIA ACUMULADA'!$A$1:$B$31,2,0),"0") -> 560 | D10: ='INCIDENCIA ACUMULADA'!F2 -> 512994 | E10: =C10/D10*100000 -> 109.16307 | F10: =IF(E10>$E$40,"ROJO",IF(E10=0,"BLANCO","VERDE")) -> ROJO
B11: Ayapel | C11: =IFERROR(VLOOKUP(B11,'INCIDENCIA ACUMULADA'!$A$1:$B$31,2,0),"0") -> 10 | D11: ='INCIDENCIA ACUMULADA'!F3 -> 47954 | E11: =C11/D11*100000 -> 20.853318 | F11: =IF(E11>$E$40,"ROJO",IF(E11=0,"BLANCO","VERDE")) -> VERDE
B12: Buenavista | C12: =IFERROR(VLOOKUP(B12,'INCIDENCIA ACUMULADA'!$A$1:$B$31,2,0),"0") -> 20 | D12: ='INCIDENCIA ACUMULADA'!F4 -> 21772 | E12: =C12/D12*100000 -> 91.861106 | F12: =IF(E12>$E$40,"ROJO",IF(E12=0,"BLANCO","VERDE")) -> ROJO
B13: Canalete | C13: =IFERROR(VLOOKUP(B13,'INCIDENCIA ACUMULADA'!$A$1:$B$31,2,0),"0") -> 40 | D13: ='INCIDENCIA ACUMULADA'!F5 -> 15668 | E13: =C13/D13*100000 -> 255.29742 | F13: =IF(E13>$E$40,"ROJO",IF(E13=0,"BLANCO","VERDE")) -> ROJO
B14: Cerete | C14: =IFERROR(VLOOKUP(B14,'INCIDENCIA ACUMULADA'!$A$1:$B$31,2,0),"0") -> 47 | D14: ='INCIDENCIA ACUMULADA'!F6 -> 110032 | E14: =C14/D14*100000 -> 42.714847 | F14: =IF(E14>$E$40,"ROJO",IF(E14=0,"BLANCO","VERDE")) -> VERDE
B15: Chima | C15: =IFERROR(VLOOKUP(B15,'INCIDENCIA ACUMULADA'!$A$1:$B$31,2,0),"0") -> 100 | D15: ='INCIDENCIA ACUMULADA'!F7 -> 18173 | E15: =C15/D15*100000 -> 550.26688 | F15: =IF(E15>$E$40,"ROJO",IF(E15=0,"BLANCO","VERDE")) -> ROJO
B16: Chinu | C16: =IFERROR(VLOOKUP(B16,'INCIDENCIA ACUMULADA'!$A$1:$B$31,2,0),"0") -> 19 | D16: ='INCIDENCIA ACUMULADA'!F8 -> 49422 | E16: =C16/D16*100000 -> 38.444417 | F16: =IF(E16>$E$40,"ROJO",IF(E16=0,"BLANCO","VERDE")) -> VERDE
B17: Cienaga de Oro | C17: =IFERROR(VLOOKUP(B17,'INCIDENCIA ACUMULADA'!$A$1:$B$31,2,0),"0") -> 21 | D17: ='INCIDENCIA ACUMULADA'!F9 -> 61426 | E17: =C17/D17*100000 -> 34.187478 | F17: =IF(E17>$E$40,"ROJO",IF(E17=0,"BLANCO","VERDE")) -> VERDE
B18: Cotorra | C18: =IFERROR(VLOOKUP(B18,'INCIDENCIA ACUMULADA'!$A$1:$B$31,2,0),"0") -> 15 | D18: ='INCIDENCIA ACUMULADA'!F10 -> 19845 | E18: =C18/D18*100000 -> 75.58579 | F18: =IF(E18>$E$40,"ROJO",IF(E18=0,"BLANCO","VERDE")) -> ROJO
B19: La Apartada | C19: =IFERROR(VLOOKUP(B19,'INCIDENCIA ACUMULADA'!$A$1:$B$31,2,0),"0") -> 6 | D19: ='INCIDENCIA ACUMULADA'!F11 -> 15446 | E19: =C19/D19*100000 -> 38.845008 | F19: =IF(E19>$E$40,"ROJO",IF(E19=0,"BLANCO","VERDE")) -> VERDE
B20: Lorica | C20: =IFERROR(VLOOKUP(B20,'INCIDENCIA ACUMULADA'!$A$1:$B$31,2,0),"0") -> 100 | D20: ='INCIDENCIA ACUMULADA'!F12 -> 117188 | E20: =C20/D20*100000 -> 85.332969 | F20: =IF(E20>$E$40,"ROJO",IF(E20=0,"BLANCO","VERDE")) -> ROJO
B21: Los Cordobas | C21: =IFERROR(VLOOKUP(B21,'INCIDENCIA ACUMULADA'!$A$1:$B$31,2,0),"0") -> 5 | D21: ='INCIDENCIA ACUMULADA'!F13 -> 19607 | E21: =C21/D21*100000 -> 25.501097 | F21: =IF(E21>$E$40,"ROJO",IF(E21=0,"BLANCO","VERDE")) -> VERDE
... B32: San Antero | C32: =IFERROR(VLOOKUP(B32,'INCIDENCIA ACUMULADA'!$A$1:$B$31,2,0),"0") -> 19 | D32: ='INCIDENCIA ACUMULADA'!F24 -> 35566 | E32: =C32/D32*100000 -> 53.421807 | F32: =IF(E32>$E$40,"ROJO",IF(E32=0,"BLANCO","VERDE")) -> VERDE
B33: San Bernardo del Viento | C33: =IFERROR(VLOOKUP(B33,'INCIDENCIA ACUMULADA'!$A$1:$B$31,2,0),"0") -> 9 | D33: ='INCIDENCIA ACUMULADA'!F25 -> 37629 | E33: =C33/D33*100000 -> 23.917723 | F33: =IF(E33>$E$40,"ROJO",IF(E33=0,"BLANCO","VERDE")) -> VERDE | N33: Incidencia Dptal: | O33: =E40 -> 66.523171 | P33: x 100.000 hab.
B34: San Carlos | C34: =IFERROR(VLOOKUP(B34,'INCIDENCIA ACUMULADA'!$A$1:$B$31,2,0),"0") -> 15 | D34: ='INCIDENCIA ACUMULADA'!F26 -> 27777 | E34: =C34/D34*100000 -> 54.001512 | F34: =IF(E34>$E$40,"ROJO",IF(E34=0,"BLANCO","VERDE")) -> VERDE
B35: San Jose de Ure | C35: =IFERROR(VLOOKUP(B35,'INCIDENCIA ACUMULADA'!$A$1:$B$31,2,0),"0") -> 2 | D35: ='INCIDENCIA ACUMULADA'!F27 -> 14023 | E35: =C35/D35*100000 -> 14.262283 | F35: =IF(E35>$E$40,"ROJO",IF(E35=0,"BLANCO","VERDE")) -> VERDE | N35: Incidencia superior a la Dptal.
B36: San Pelayo | C36: =IFERROR(VLOOKUP(B36,'INCIDENCIA ACUMULADA'!$A$1:$B$31,2,0),"0") -> 21 | D36: ='INCIDENCIA ACUMULADA'!F28 -> 53786 | E36: =C36/D36*100000 -> 39.043617 | F36: =IF(E36>$E$40,"ROJO",IF(E36=0,"BLANCO","VERDE")) -> VERDE
B37: Tierralta | C37: =IFERROR(VLOOKUP(B37,'INCIDENCIA ACUMULADA'!$A$1:$B$31,2,0),"0") -> 8 | D37: ='INCIDENCIA ACUMULADA'!F29 -> 96620 | E37: =C37/D37*100000 -> 8.2798592 | F37: =IF(E37>$E$40,"ROJO",IF(E37=0,"BLANCO","VERDE")) -> VERDE | N37: Incidencia inferior a la Dptal.
B38: Tuchin | C38: =IFERROR(VLOOKUP(B38,'INCIDENCIA ACUMULADA'!$A$1:$B$31,2,0),"0") -> 3 | D38: ='INCIDENCIA ACUMULADA'!F30 -> 55791 | E38: =C38/D38*100000 -> 5.3772114 | F38: =IF(E38>$E$40,"ROJO",IF(E38=0,"BLANCO","VERDE")) -> VERDE
B39: Valencia | C39: =IFERROR(VLOOKUP(B39,'INCIDENCIA ACUMULADA'!$A$1:$B$31,2,0),"0") -> 3 | D39: ='INCIDENCIA ACUMULADA'!F31 -> 36886 | E39: =C39/D39*100000 -> 8.1331671 | F39: =IF(E39>$E$40,"ROJO",IF(E39=0,"BLANCO","VERDE")) -> VERDE | N39: Sin casos
B40: Departamento | C40: =SUM(C10:C39) -> 1235 | D40: =SUM(D10:D39) -> 1856496 | E40: =C40/D40*100000 -> 66.523171 | F40: =IF(E40>$E$40,"ROJO",IF(E40=0,"BLANCO","VERDE")) -> VERDE

Sheet Mapa Razón
B9: Municipio | C9: Número de casos | D9: Población | E9: Incidencia X 100.000 hab. | F9: Convención
B10: Monteria | C10: =IFERROR(VLOOKUP(B10,RAZÓN!$A$1:$B$31,2,0),"0") -> 0 | D10: =RAZÓN!F2 -> 5330 | E10: =C10/D10*100000 -> 0 | F10: =IF(E10>$E$40,"ROJO",IF(E10=0,"BLANCO","VERDE")) -> BLANCO
B11: Ayapel | C11: =IFERROR(VLOOKUP(B11,RAZÓN!$A$1:$B$31,2,0),"0") -> 0 | D11: =RAZÓN!F3 -> 552 | E11: =C11/D11*100000 -> 0 | F11: =IF(E11>$E$40,"ROJO",IF(E11=0,"BLANCO","VERDE")) -> BLANCO
B12: Buenavista | C12: =IFERROR(VLOOKUP(B12,RAZÓN!$A$1:$B$31,2,0),"0") -> 0 | D12: =RAZÓN!F4 -> 229 | E12: =C12/D12*100000 -> 0 | F12: =IF(E12>$E$40,"ROJO",IF(E12=0,"BLANCO","VERDE")) -> BLANCO
B13: Canalete | C13: =IFERROR(VLOOKUP(B13,RAZÓN!$A$1:$B$31,2,0),"0") -> 0 | D13: =RAZÓN!F5 -> 186 | E13: =C13/D13*100000 -> 0 | F13: =IF(E13>$E$40,"ROJO",IF(E13=0,"BLANCO","VERDE")) -> BLANCO
B14: Cerete | C14: =IFERROR(VLOOKUP(B14,RAZÓN!$A$1:$B$31,2,0),"0") -> 0 | D14: =RAZÓN!F6 -> 899 | E14: =C14/D14*100000 -> 0 | F14: =IF(E14>$E$40,"ROJO",IF(E14=0,"BLANCO","VERDE")) -> BLANCO
B15: Chima | C15: =IFERROR(VLOOKUP(B15,RAZÓN!$A$1:$B$31,2,0),"0") -> 0 | D15: =RAZÓN!F7 -> 110 | E15: =C15/D15*100000 -> 0 | F15: =IF(E15>$E$40,"ROJO",IF(E15=0,"BLANCO","VERDE")) -> BLANCO
B16: Chinu | C16: =IFERROR(VLOOKUP(B16,RAZÓN!$A$1:$B$31,2,0),"0") -> 0 | D16: =RAZÓN!F8 -> 382 | E16: =C16/D16*100000 -> 0 | F16: =IF(E16>$E$40,"ROJO",IF(E16=0,"BLANCO","VERDE")) -> BLANCO
B17: Cienaga de Oro | C17: =IFERROR(VLOOKUP(B17,RAZÓN!$A$1:$B$31,2,0),"0") -> 0 | D17: =RAZÓN!F9 -> 573 | E17: =C17/D17*100000 -> 0 | F17: =IF(E17>$E$40,"ROJO",IF(E17=0,"BLANCO","VERDE")) -> BLANCO
B18: Cotorra | C18: =IFERROR(VLOOKUP(B18,RAZÓN!$A$1:$B$31,2,0),"0") -> 0 | D18: =RAZÓN!F10 -> 176 | E18: =C18/D18*100000 -> 0 | F18: =IF(E18>$E$40,"ROJO",IF(E18=0,"BLANCO","VERDE")) -> BLANCO
B19: La Apartada | C19: =IFERROR(VLOOKUP(B19,RAZÓN!$A$1:$B$31,2,0),"0") -> 0 | D19: =RAZÓN!F11 -> 131 | E19: =C19/D19*100000 -> 0 | F19: =IF(E19>$E$40,"ROJO",IF(E19=0,"BLANCO","VERDE")) -> BLANCO
B20: Lorica | C20: =IFERROR(VLOOKUP(B20,RAZÓN!$A$1:$B$31,2,0),"0") -> 0 | D20: =RAZÓN!F12 -> 1431 | E20: =C20/D20*100000 -> 0 | F20: =IF(E20>$E$40,"ROJO",IF(E20=0,"BLANCO","VERDE")) -> BLANCO
B21: Los Cordobas | C21: =IFERROR(VLOOKUP(B21,RAZÓN!$A$1:$B$31,2,0),"0") -> 0 | D21: =RAZÓN!F13 -> 190 | E21: =C21/D21*100000 -> 0 | F21: =IF(E21>$E$40,"ROJO",IF(E21=0,"BLANCO","VERDE")) -> BLANCO
... B32: San Antero | C32: =IFERROR(VLOOKUP(B32,RAZÓN!$A$1:$B$31,2,0),"0") -> 0 | D32: =RAZÓN!F24 -> 332 | E32: =C32/D32*100000 -> 0 | F32: =IF(E32>$E$40,"ROJO",IF(E32=0,"BLANCO","VERDE")) -> BLANCO
B33: San Bernardo del Viento | C33: =IFERROR(VLOOKUP(B33,RAZÓN!$A$1:$B$31,2,0),"0") -> 0 | D33: =RAZÓN!F25 -> 323 | E33: =C33/D33*100000 -> 0 | F33: =IF(E33>$E$40,"ROJO",IF(E33=0,"BLANCO","VERDE")) -> BLANCO | N33: Razón Departamental: | O33: =E40 -> 0 | P33: x 100.000 NV.
B34: San Carlos | C34: =IFERROR(VLOOKUP(B34,RAZÓN!$A$1:$B$31,2,0),"0") -> 0 | D34: =RAZÓN!F26 -> 225 | E34: =C34/D34*100000 -> 0 | F34: =IF(E34>$E$40,"ROJO",IF(E34=0,"BLANCO","VERDE")) -> BLANCO
B35: San Jose de Ure | C35: =IFERROR(VLOOKUP(B35,RAZÓN!$A$1:$B$31,2,0),"0") -> 0 | D35: =RAZÓN!F27 -> 124 | E35: =C35/D35*100000 -> 0 | F35: =IF(E35>$E$40,"ROJO",IF(E35=0,"BLANCO","VERDE")) -> BLANCO | N35: Razón superior a la departamental
B36: San Pelayo | C36: =IFERROR(VLOOKUP(B36,RAZÓN!$A$1:$B$31,2,0),"0") -> 0 | D36: =RAZÓN!F28 -> 351 | E36: =C36/D36*100000 -> 0 | F36: =IF(E36>$E$40,"ROJO",IF(E36=0,"BLANCO","VERDE")) -> BLANCO
B37: Tierralta | C37: =IFERROR(VLOOKUP(B37,RAZÓN!$A$1:$B$31,2,0),"0") -> 0 | D37: =RAZÓN!F29 -> 1384 | E37: =C37/D37*100000 -> 0 | F37: =IF(E37>$E$40,"ROJO",IF(E37=0,"BLANCO","VERDE")) -> BLANCO | N37: Razón inferior a la departamental
B38: Tuchin | C38: =IFERROR(VLOOKUP(B38,RAZÓN!$A$1:$B$31,2,0),"0") -> 0 | D38: =RAZÓN!F30 -> 470 | E38: =C38/D38*100000 -> 0 | F38: =IF(E38>$E$40,"ROJO",IF(E38=0,"BLANCO","VERDE")) -> BLANCO
B39: Valencia | C39: =IFERROR(VLOOKUP(B39,RAZÓN!$A$1:$B$31,2,0),"0") -> 0 | D39: =RAZÓN!F31 -> 400 | E39: =C39/D39*100000 -> 0 | F39: =IF(E39>$E$40,"ROJO",IF(E39=0,"BLANCO","VERDE")) -> BLANCO | N39: Sin casos
B40: Departamento | C40: =SUM(C10:C39) -> 0 | D40: =SUM(D10:D39) -> 18568 | E40: =C40/D40*100000 -> 0 | F40: =IF(E40>$E$40,"ROJO",IF(E40=0,"BLANCO","VERDE")) -> BLANCO

Sheet Tabla_mapa
B1: MONTERIA | C1: AYAPEL | D1: BUENAVISTA | E1: CANALETE | F1: CERETE | G1: CHIMA | H1: CHINU | I1: CIENAGA DE ORO | J1: COTORRA | K1: LA APARTADA | L1: LORICA | M1: LOS CORDOBAS | N1: MOMIL | O1: MONTELIBANO | P1: MOÑITOS | Q1: PLANETA RICA | R1: PUEBLO NUEVO | S1: PUERTO ESCONDIDO | T1: PUERTO LIBERTADOR | U1: PURISIMA | V1: SAHAGUN | W1: SAN ANDRES | X1: SAN ANTERO | Y1: SAN BERNARDO | Z1: SAN CARLOS | AA1: SAN JOSE DE URE | AB1: SAN PELAYO | AC1: TIERRALTA | AD1: TUCHIN | AE1: VALENCIA
A2: Verde
A3: Rojo
A4: Blanco
